/*
Navicat MySQL Data Transfer

Source Server         : 本地
Source Server Version : 50723
Source Host           : localhost:3306
Source Database       : charity

Target Server Type    : MYSQL
Target Server Version : 50723
File Encoding         : 65001

Date: 2022-03-31 19:48:04
*/

SET FOREIGN_KEY_CHECKS=0;

-- ----------------------------
-- Table structure for application
-- ----------------------------
DROP TABLE IF EXISTS `application`;
CREATE TABLE `application` (
  `id` int(11) NOT NULL AUTO_INCREMENT,
  `authority_id` int(11) DEFAULT NULL,
  `donee_id` int(11) DEFAULT NULL,
  `title` varchar(255) DEFAULT NULL,
  `description` longtext,
  `category_id` int(11) DEFAULT NULL,
  `img` varchar(255) DEFAULT NULL,
  `target` double(11,2) DEFAULT NULL,
  `donoor_num` int(11) DEFAULT NULL,
  `start` datetime DEFAULT NULL,
  `end` datetime DEFAULT NULL,
  `status` int(1) DEFAULT '0' COMMENT '待审核0，未开始1，进行中,2，待处理3，已完成4，未通过5',
  `urgent` int(11) DEFAULT '0',
  `receive` double NOT NULL DEFAULT '0',
  PRIMARY KEY (`id`),
  KEY `FK_applyment_category_id` (`category_id`),
  KEY `FK_applyment_donere_id` (`donee_id`),
  CONSTRAINT `FK_applyment_category_id` FOREIGN KEY (`category_id`) REFERENCES `category` (`id`) ON DELETE CASCADE ON UPDATE CASCADE,
  CONSTRAINT `FK_applyment_donere_id` FOREIGN KEY (`donee_id`) REFERENCES `donee` (`id`) ON DELETE CASCADE ON UPDATE CASCADE
) ENGINE=InnoDB AUTO_INCREMENT=24 DEFAULT CHARSET=utf8mb4;

-- ----------------------------
-- Records of application
-- ----------------------------
INSERT INTO `application` VALUES ('3', '1', '1', '父亲得了尘肺病，求求你们帮帮他', '<h3>专业的医疗救治是生命的希望</h3><p><p></p></p><p style=\"text-align: start;\">2018年11月，大爱清尘来到民和县进行探访，据了解，当地早年有村民在罗布泊承包金矿，乡亲们看到能挣到钱都纷纷去了矿山打工，2009-2010年期间当地尘肺病集中爆发。在多个村庄几乎每家每户都有家庭贫困、呼吸困难、甚至极度消瘦的尘肺病人，甚至有一户多位尘肺病患者的情况。而这些尘肺病农民许多被误诊为肺结核，越治疗越严重。当后来真正发现是尘肺病的时候，已经为时已晚。然而根据大爱清尘的医疗专家介绍及多年的救治经验，如果患者能够及时的得到准确专业的医疗救治，是可以有效的缓解呼吸痛苦，延长生命。</p><p>。</p><p></p><div class=\"media-wrap image-wrap\"><img class=\"media-wrap image-wrap\" src=\"https://oalipay-dl-django.alicdn.com/rest/1.0/image?fileIds=z9uMymV1TMC5W6wFpuO5ogAAACMAAQED&amp;zoom=original\" seed=\"mediaWrap-mediaWrap\" smartracker=\"on\"></div><p>（2018年11月4日，大爱清尘志愿者探访青海地区的尘肺病农民）</p><p></p><p>2019年新年刚过，青海省民和县的10多位尘肺农民兄弟来到大爱清尘定点医院—青海省第四人民医院接受了专业的医疗救治。在住院期间，医生不仅对大家进行了专业的医疗诊治，还在心理上对大家进行了疏导，引导患者保持乐观积极健康的心态面对尘肺病。同时还教会大家如何进行康复训练及日常保养。</p><p></p><div class=\"media-wrap image-wrap\"><img class=\"media-wrap image-wrap\" src=\"https://oalipay-dl-django.alicdn.com/rest/1.0/image?fileIds=szz6MYOSRqqttIJHnxlNCAAAACMAAQED&amp;zoom=original\" seed=\"mediaWrap-mediaWrapT1\" smartracker=\"on\"></div><p>（刚住院时卧床不起的患者，经过一段时间的医疗救治，极大地缓解了呼吸的痛苦，并且能开始自发的进行康复训练）<br></p><p>2019年4月，大爱清尘志愿者回访接受医疗救治的几位尘肺农民兄弟，他们的呼吸情况和精神状态都有了明显的改善。并且几位大哥能够从之前对尘肺病消极的心态转变为主动进行康复训练和保持健康生活方式的积极状态，我们感受到了他们及其家庭被重新点亮的希望，衷心的为他们感到高兴。</p><p></p><div class=\"media-wrap image-wrap\"><img class=\"media-wrap image-wrap\" src=\"https://oalipay-dl-django.alicdn.com/rest/1.0/image?fileIds=Bu3pSSeoSq2QEilUGdeqGAAAACMAAQED&amp;zoom=original\" seed=\"mediaWrap-mediaWrapT2\" smartracker=\"on\"></div>', '1', '/uploads/cfc52ca9-03a5-437b-a2fd-3fbfc5a04dea_image.png', '22458.04', '0', '2020-06-03 00:00:00', '2020-06-03 00:00:00', '3', '1', '0');
INSERT INTO `application` VALUES ('4', '1', '1', '益童智能图书角', '<h3>多民族自治县的环境现状</h3><p></p><p>甘肃省临夏州积石山保安族东乡族撒拉族自治县是甘肃省唯一的多民族自治县,全县有保安、东乡、撒拉、回、汉、土、藏等10个民族, 位于甘肃省西南部,与青海省毗邻,地处黄土高原与青藏高原的过渡地带的高寒阴湿山区,耕地资源少,人口压力大、生态环境脆弱,是一个贫困落后的少数民族自治县。</p><p></p><div class=\"media-wrap image-wrap\"><img class=\"media-wrap image-wrap\" src=\"https://oalipay-dl-django.alicdn.com/rest/1.0/image?fileIds=6z7zk0x2QJOYtMQvLalXyAAAACMAAQQD&amp;zoom=original\" seed=\"mediaWrap-mediaWrap\" smartracker=\"on\"></div><p></p><p></p><p>曹姚小学位于积石山县寨子沟乡曹姚村，是寨子沟乡一所六年制小学，学校辐射6个合作社，现有学生140人。学校积极推广“勤奋、好问、善思、乐读”的学风，努力想为学生创造良好的阅读环境，但无奈经费有限适合学校阅读的图书很少，也很少更新。</p><p></p><div class=\"media-wrap image-wrap\"><img class=\"media-wrap image-wrap\" src=\"https://oalipay-dl-django.alicdn.com/rest/1.0/image?fileIds=0nn0W8Y3QoapFviUe78JwgAAACMAAQQD&amp;zoom=original\" seed=\"mediaWrap-mediaWrapT1\" smartracker=\"on\"></div><p></p><p></p><p>图书是知识之源，图书角是孩子们的知识宝库。学校重视学生的素质教育，希望孩子们能够通过阅读拓宽视野，培养思考力，丰富想象力。然而，老师们承担着教学和行政等大量工作，教育经费紧张，学校的图书一直没有得到很好的更新和管理。</p><p></p><p>为了让乡村少年通过阅读图书开拓视野，运用书本知识充实自我，阿里云联合新浪扬帆公益基金向曹姚小学发起智能书柜捐赠活动，已捐赠1台智能书柜。此次发起课外图书爱心募捐是为了不断补充智能书柜的课外图书，帮助该校孩子们实现一个阅读梦。</p><p></p><div class=\"media-wrap image-wrap\"><img class=\"media-wrap image-wrap\" src=\"https://oalipay-dl-django.alicdn.com/rest/1.0/image?fileIds=UMISZQB5RH-8gUryBrpo3gAAACMAAQQD&amp;zoom=original\" seed=\"mediaWrap-mediaWrapT2\" smartracker=\"on\"></div><p></p><h3>科技助力公益，阅读随时随地</h3><p></p><p>扬帆捐书项目组联合蚂蚁金服区块链“一书”项目合作，引入智能书柜，利用区块链技术建立创新性的公益读书平台，捐赠人可以选择捐赠图书，通过项目执行计划每一步都有跟踪，受助人通过智能书柜刷脸打开柜门借还图书，捐赠人即可收到捐赠图书的借阅消息。基于区块链技术的不可篡改及可追溯性，捐赠者可以清晰透明的看到公益项目执行过程和反馈的真实性。智能书柜的摆放不受场地限制，也无需管理，让学生随时随地自由借阅归还，让阅读这件事变的更容易发生，也减少了项目学校老师们的工作量，同时也能让公益机构通过借阅数据了解到孩子们的阅读习惯，优化书单。</p><p></p><div class=\"media-wrap image-wrap\"><img class=\"media-wrap image-wrap\" src=\"https://oalipay-dl-django.alicdn.com/rest/1.0/image?fileIds=kLzrUROrRsS5vCwfZuTJLAAAACMAAQQD&amp;zoom=original\" seed=\"mediaWrap-mediaWrapT3\" smartracker=\"on\"></div><p></p><p>（图片来源：一书智能书柜已开展项目学校）</p><p></p><h3>项目执行成效</h3><p>扬帆计划捐书项目从2008年建立第一个网络捐书平台开展至今，已为全国31个省（区、市）的4000所项目学校捐赠了500余万册课外图书，让上百万名乡村孩子读上了真正适合他们阅读课外图书。让他们能第一时间贴近时代的脉搏，在思想和意识上拉近城乡之间的差距。</p><p></p><h3>项目执行计划</h3><p>2020年6月-9月：募捐图书</p><p>2020年9月：物资发放</p><p>(1)服务时间：2020年6月至长期</p><p>(2)帮扶地区：甘肃省临夏州积石山县寨子沟乡曹姚村</p><p>(3)受助对象：曹姚小学师生</p><p></p><h3>项目预算</h3><p>（1）本次募捐2714.23元为曹姚小学购置图书。</p><p>（2）预算明细表</p><p></p><div class=\"media-wrap image-wrap\"><img class=\"media-wrap image-wrap\" src=\"https://oalipay-dl-django.alicdn.com/rest/1.0/image?fileIds=-lPRa9MxSaekxlQH7CtjZgAAACMAAQQD&amp;zoom=original\" seed=\"mediaWrap-mediaWrapT4\" smartracker=\"on\"></div><p></p><p>（3）补充说明：</p><p>a.预算表169本图书已经选定，无重复书籍，单价不统一，故未填写单价。由于数目较多，不方便全部展示，部分书目有：</p><p>《DK儿童艺术百科全书》</p><p>《DK儿童海洋百科全书》</p><p>《DK儿童太空百科全书》</p><p>《难以置信！》DK儿童奇趣百科全书</p><p>《自然生命》：DK儿童图解百科全书</p><p>《那些重要的事》：DK幼儿百科全书</p><p>《长大后我要做什么》：儿童职业启蒙百科</p><p>《旅行的故事》：DK儿童穿越时空的旅行</p><p>《儿童安全大百科（第二版）》</p><p>《长大后我要做什么》：儿童职业启蒙百科</p><p>《DK恐龙知识大百科》</p><p>《御花园里的火车站》：故宫里的大怪兽（第一辑）</p><p>《景仁宫的怪事》：故宫里的大怪兽（第二辑）</p><p>《白泽大王的回忆》：故宫里的大怪兽（第三辑）</p><p>《神仙院》：故宫里的大怪兽（第四辑）</p><p></p><p>书单详细情况可查看支付宝一书小程序</p><p></p><p>b.预算审核说明：中华思源工程扶贫基金会已根据基金会预算采购标准及采购流程规范对本项目的预算进行审核，确认符合基金会的预算制定规范及采购规范，如有疑问，可联系：基金会电话010- 85698220 /邮箱office@sygoc.org.cn。</p><p></p><h3>执行机构</h3><p>该项目由中华思源工程扶贫基金会二级基金、理事基金——新浪扬帆公益基金扬帆计划助学公益项目组执行。扬帆计划助学公益始于2007年1月，旨在通过互联网平台捐助课外图书、举行夏令营、开办扬帆班、援助优秀教师等活动，帮助偏远贫困地区的孩子增长见识、开拓视野，增强他们建设家乡的使命感，最终培养一批改变中国未来农村命运的关键人才。</p><p></p><h3>捐赠收据说明</h3><p>中华思源工程扶贫基金会将为您开具捐赠收据，需要捐赠收据的蚂蚁金服公益爱心用户须将以下信息（捐赠人姓名、开票抬头、金额、捐赠截图、电话、地址等）输入至网址：http://lxi.me/s1m6x填写或发至邮箱yangfanjihua@sina.com申请，联系电话010-58982364。基于邮寄成本的考虑，捐赠发票均为电子发票，如需索取纸质发票，申请时请备注说明。每月初统一开具，请您务必于捐赠当年索取捐赠票据。感恩您的信任和理解。</p>', '2', '/uploads/ea21f79e-a736-494f-b1be-890df28247e5_下载.jpg', '4046.10', '1', '2020-06-03 00:00:00', '2020-06-03 00:00:00', '3', '2', '6301.79');
INSERT INTO `application` VALUES ('5', '1', '1', '阳光美少女的抗癌路', '<p>凌飒是个漂亮的小姑娘，在学校屡次获得奖励，平时的她爱唱、爱跳、开朗活泼，可此刻，她却表情凝重一脸委屈“妈妈，非要剃光头吗？”</p><p>凌飒的头发又长又密，光泽度还好，她心疼的捂着自己的头发，泪花在眼圈里转啊转，期盼的大眼睛看着身边的每一个人。妈妈狠心地按动了理发器，启动的那一刻，听到了女儿压抑不住的哭声……</p><p></p><div class=\"media-wrap image-wrap\"><img class=\"media-wrap image-wrap\" src=\"https://oalipay-dl-django.alicdn.com/rest/1.0/image?fileIds=kq7dFRdcSUK7BzrQ5ziAiAAAACMAAQED&amp;zoom=original\" seed=\"mediaWrap-mediaWrap\" smartracker=\"on\"></div><p>2019年1月26日，小姨家孩子发烧，凌飒陪着去医院。等待的过程中妈妈发现凌飒也在发烧，想着顺便查个血，没想到医生直接把凌飒妈妈叫到办公室，指着上面的“幼稚细胞”数值，说了一个让人惊恐的词汇“疑似白血病”。凌飒开始住院检查。骨穿结果出来的时候她顾不上髋骨附近的酸痛，抢下爸爸手里的报告单，当看到“急性髓系白血病M2”时，早熟的她隐隐知道那代表什么。这次检查让阳光开朗的凌飒跌入了寒冬的深渊，而那一张薄薄的诊断证明，就像一块从天而降的巨石，砸碎了她年轻的梦想、也改变了这个普通家庭的生活轨迹。</p><p></p><div class=\"media-wrap image-wrap\"><img class=\"media-wrap image-wrap\" src=\"https://oalipay-dl-django.alicdn.com/rest/1.0/image?fileIds=nVbyqf2CQ7OkJmdDmtzwPwAAACMAAQED&amp;zoom=original\" seed=\"mediaWrap-mediaWrapT1\" smartracker=\"on\"></div><p>从确诊的那天起，凌飒爸爸妈妈就放弃了工作陪她治疗。刚开始化疗三天，凌飒嗓子就开始化脓，满脸都是细小的出血点，持续发烧五六天后，孩子的情况才有点好转。为了照顾女儿，妈妈早上五点半就起床给孩子蒸馒头、包包子，每天变着花样研究吃的，给女儿补充营养，哄她开心。可看到女儿治疗时痛苦的表情，还是忍不住红了眼眶。</p><p></p><div class=\"media-wrap image-wrap\"><img class=\"media-wrap image-wrap\" src=\"https://oalipay-dl-django.alicdn.com/rest/1.0/image?fileIds=T9OJnZgfT--aYL3Z2EO0swAAACMAAQED&amp;zoom=original\" seed=\"mediaWrap-mediaWrapT2\" smartracker=\"on\"></div><p>每当看到妈妈难过的时候懂事的女儿都会抱住妈妈，说：“妈妈，别哭，我会好好治，我会好起来的”。听了女儿的话，凌飒妈妈却更加难受。好不容易坚持了五个疗程的化疗，2019年6月，凌飒终于结疗回家了！</p><p></p><div class=\"media-wrap image-wrap\"><img class=\"media-wrap image-wrap\" src=\"https://oalipay-dl-django.alicdn.com/rest/1.0/image?fileIds=8mJ15ukrSpOkSfPy2rKJDwAAACMAAQED&amp;zoom=original\" seed=\"mediaWrap-mediaWrapT3\" smartracker=\"on\"></div><p>结疗半年后，正当一家人满怀期待迎接新生时，凌飒的骨穿显示基因升高白血病髓内复发！如果说别人的天空是蓝色的，凌飒一家的天空就是灰色的。听到消息的那一刻，就像雾霾遮住了双眼，眼前的一切都是灰蒙蒙的没有生机。为了给凌飒治病，家里所有的亲戚全部动员起来，有钱的出钱，有力的出力，很快凌飒就凑够了进仓费开始做骨髓移植手术。进仓时候凌飒已经有102斤，可是刚刚开始上环磷酰胺，孩子就有了强烈的反应：恶心、呕吐、高血压、发烧、拉肚子……20几天的时间只能靠营养液度日，一直到4月23日出仓，凌飒只剩下84斤！</p><p></p><div class=\"media-wrap image-wrap\"><img class=\"media-wrap image-wrap\" src=\"https://oalipay-dl-django.alicdn.com/rest/1.0/image?fileIds=LZkWUlqIQmaiW0K5C4Ob7wAAACMAAQED&amp;zoom=original\" seed=\"mediaWrap-mediaWrapT4\" smartracker=\"on\"></div><p>现在的凌飒仍旧在医院治疗，可是头痛、肚子痛、拉肚子、发烧……还是没有放过这个可怜的孩子。化验显示孩子脑脊液中的白细胞很高，凌飒说头痛的时候头里面好像长了一个大气球要爆开一样；一天拉肚子拉了六次，怕肠排凌飒只能缩在床脚默默忍着不拉出来；发烧的时候凌飒说哭也没有用，所以迷迷糊糊的她选择睡觉来抵抗眩晕……妈妈说，凌飒就是一个女汉子，她用自己的坚强，告诉身边所有人，病魔不可怕，她一定能战胜它！</p><p></p><div class=\"media-wrap image-wrap\"><img class=\"media-wrap image-wrap\" src=\"https://oalipay-dl-django.alicdn.com/rest/1.0/image?fileIds=uADV15pQTxO8_tankNw8OwAAACMAAQED&amp;zoom=original\" seed=\"mediaWrap-mediaWrapT5\" smartracker=\"on\"></div><p>去年化疗的时候，家里花了40几万，今年为了移植，又借了70多万。医院里用的美罗华、替加环素等抗生素还有伏立康唑等抗真菌的药都很贵，女汉子凌飒可以战胜病魔，可是却没有办法筹钱，无奈之下只好求助好心人的帮助。希望大家能多多帮着这个坚强的“女汉子”！</p><p></p><div class=\"media-wrap image-wrap\"><img class=\"media-wrap image-wrap\" src=\"https://oalipay-dl-django.alicdn.com/rest/1.0/image?fileIds=3AW3p5g-Q2i9Pum2AraK7QAAACMAAQED&amp;zoom=original\" seed=\"mediaWrap-mediaWrapT6\" smartracker=\"on\"></div><h3>项目执行计划</h3><p>本项目旨在为急性髓系白血病、骨髓移植术后患者赵凌飒募集移植后期抗排异的费用。</p><p>（1）服务周期：2020年6月~2021年5月</p><p>2020年6月：患者初访、协助办理求助资料、上线文案；</p><p>2020年6月~9月：进行筹款宣传，开始筹款；收集患者资料，并审核；</p><p>2020年9月~2021年5月：资料无误，申请拨款项目持续更新，项目结项。</p><p>（2）帮扶地区：河北</p><p>（3）受助对象：急性髓系白血病患者赵凌飒</p><h3>项目预算</h3><p>本项目预算200000元，主要用于资助患者及必要的执行管理费，详细预算如下：</p><p></p><div class=\"media-wrap image-wrap\"><img class=\"media-wrap image-wrap\" src=\"https://oalipay-dl-django.alicdn.com/rest/1.0/image?fileIds=fl9KNesBTICuCQP_UR0LpAAAACMAAQQD&amp;zoom=original\" seed=\"mediaWrap-mediaWrapT7\" smartracker=\"on\"></div><p>说明1.项目资助方式采取的是对患者一年内治疗费用予以报销的模式，以患者一年内的相关票据凭证为依据；</p><p>说明2.善款直接拨付患者所在医院；</p><p>说明3.善款主要用于困境家庭患者的治疗费用。</p><p>说明4.预算审核说明：无锡灵山慈善基金会已根据基金会预算采购、资助标准及采购、资助流程规范对本项目的预算进行审核，确认符合基金会的预算制定规范及采购、资助规范，如有疑问，可联系基金会电话0510-82207803 /邮箱weiailianquan@lingshanfoundation.org.</p><h3>执行机构</h3><p>灵山慈善基金会成立于2004年12月，是在江苏省民政厅注册成立的公募型基金会。基金会以弘扬慈善文化，净化世道人心为使命，依托行业支持、青年培养、社区治理、社会创新、国际援助等五个平台设计开展项目，目前形成了为爱行走、为爱联合劝募、无畏计划、灵青计划等公益品牌，在埃塞俄比亚、尼泊尔和泰国泰北等地开展民间援外尝试。2010年，灵山慈善基金会被民政部评为“全国先进社会组织”，2018年被江苏省民政厅评为5A级基金会。</p><h3>捐赠收据说明</h3><p>无锡灵山慈善基金会将为您开具捐赠收据，需要捐赠收据的支付宝公益爱心用户须将以下信息（捐赠人姓名、开票抬头、金额、捐赠截图、电话、地址等）发至邮箱weiailianquan@lingshanfoundation.org申请，联系电话0510-82206659。基于邮寄成本的考虑，100元以上的捐赠发票将以邮寄方式寄出，建议您多次捐赠累积集中开具捐赠发票。感恩您的信任和理解。</p>', '1', '/uploads/35d4581a-3e97-4e2d-8d7e-0c6c766b5d77_image (1).png', '5725.86', '1', '2020-06-03 00:00:00', '2020-06-03 00:00:00', '3', '2', '7583.21');
INSERT INTO `application` VALUES ('6', '1', null, '求助！', '请帮帮我', '1', null, '4159.77', '0', '2020-06-03 19:12:24', '2020-06-03 19:12:24', '0', null, '0');
INSERT INTO `application` VALUES ('7', '1', '1', '我改完了', 'asda', '1', '/uploads/ea21f79e-a736-494f-b1be-890df28247e5_下载.jpg', '12121.00', '0', '2020-06-02 00:00:00', '2020-06-30 00:00:00', '0', null, '0');
INSERT INTO `application` VALUES ('9', '1', '1', '求助！父亲意外住院，急需', '请帮帮我', '1', '/uploads/5036e947-9fa6-4a75-908f-d0923476a4a5_application_img.jpg', '9387.89', '0', '2020-06-03 00:00:00', '2020-06-03 00:00:00', '0', '1', '0');
INSERT INTO `application` VALUES ('11', '1', '1', '求助！父亲意外住院，急需', '<p>请帮帮我</p><p><img src=\"/charity/uploads/b046524f-d8f6-4963-82a9-d1a7f0005f72_application_img.jpg\" alt=\"undefined\"></p>', '4', '/uploads/4306838b-b056-4907-bb9e-df1c8449ca61_application_img.jpg', '9387.89', '0', '2020-06-03 00:00:00', '2020-06-25 00:00:00', '0', null, '0');
INSERT INTO `application` VALUES ('13', '1', '1', '随便加一个', '啊啊啊啊啊', '1', '/uploads/51056f08-024a-4408-ac41-1e1e10c74d46_application_img.jpg', '2222.00', '0', '2020-06-15 00:00:00', '2020-06-24 00:00:00', '0', '0', '0');
INSERT INTO `application` VALUES ('19', '1', null, '阳光家园助童梦', '<h3>赖梦可小朋友的故事</h3><p>遂川县雩田镇横岭村郭屋组赖梦可（化名）小朋友今年12岁，即将在横岭中心小学读五年级。一直跟爸爸和80岁的奶奶生活在一起，在三四岁的时候妈妈外出务工，刚开始还与妈妈保持联系，但是近几年与妈妈失去了联系。</p><p></p><p>赖梦可小朋友从小缺少母爱，但是在大家的爱护和帮助下，不管是在身体上还是心理方面仍然健康成长。通过家访交流谈心，更深入的了解孩子：生活上她勤俭节约、艰苦朴素，在家会帮忙照顾年迈的奶奶，会帮忙做家务活；在学校她不与他人攀比，与同学之间和睦相处、互帮互助，深得老师和同学的喜欢；学习上刻苦努力、积极向上，在她不断努力下取得了较好的成绩。</p><div class=\"media-wrap image-wrap\"><img class=\"media-wrap image-wrap\" src=\"https://oalipay-dl-django.alicdn.com/rest/1.0/image?fileIds=JBu41XOQTbye6r7Z-O0P0wAAACMAAQED&amp;zoom=original\" seed=\"mediaWrap-mediaWrap\" smartracker=\"on\"></div><p>了解到赖梦可比较喜欢阅读书籍，喜欢运动之后，项目执行方为她实现微心愿，赠送一个书包，还希望她能加入到阳光家园这个大家庭中来，一起玩耍。</p><p></p><p>于是，赖梦可小朋友从此有了一个可玩可学习的场所，在周末和假期，她则会到“阳光家园”里来学习、看书、玩耍。在这样一个“乐园”里，她开心快乐的学习玩耍，不但可以让她健康快乐成长，还可以增长知识、锻炼能力。现在的遂川县里，小孩们打游戏的少了，下棋的多了，下河游泳的少了，看书的多了…… 这一切的转变应该归功于我们的阳光家园。这个“新家”成为农村留守儿童的第二课堂、孩子们的精神乐园、村民们的农家书屋。<br></p><h3>项目发起缘由</h3><p></p><div class=\"media-wrap image-wrap\"><img class=\"media-wrap image-wrap\" src=\"https://oalipay-dl-django.alicdn.com/rest/1.0/image?fileIds=fV1_bGSkSD2iu3FrlkTh_QAAACMAAQED&amp;zoom=original\" seed=\"mediaWrap-mediaWrapT1\" smartracker=\"on\"></div><p></p><p>遂川县位于江西省西南边陲，是井冈山革命根据地的核心组成部分。山区层峦叠嶂，青壮年大多外出务工，留下老人在家照顾小孩。据统计，县里有留守儿童14643名。由于长期缺少父母的关爱，他们面临着“生活失助、学业失教、亲情失落、安全失保、心理失衡”等问题。</p><p></p><p>在民政部的支持指引下，中社基金会发挥全国性社会组织优势，积极参与脱贫攻坚工作。2019年，中社基金会在江西省遂川县捐建了4个留守儿童“阳光家园”，购买学习用品，聘请“童伴妈妈”带领孩子们开展活动、提供看护和亲情关爱，满足孩子学习、交友、娱乐的需求，切实解决留守儿童“看不住、管不到”的难题。</p><p></p><h3>项目成效</h3><p></p><p></p><div class=\"media-wrap image-wrap\"><img class=\"media-wrap image-wrap\" src=\"https://oalipay-dl-django.alicdn.com/rest/1.0/image?fileIds=S5T1Bgg6Tqa9ufPyBLxvRwAAACMAAQED&amp;zoom=original\" seed=\"mediaWrap-mediaWrapT2\" smartracker=\"on\"></div><p></p><p>2019年“阳光家园”陆续建成，当地的留守儿童们都愿意到“阳光家园”里来学习、看书、玩耍。 但建成不是目的，用好才是关键。能帮助当地留守儿童健康、快乐的成长才是项目的初衷。我们发现留守儿童心中有着自己“梦想”，但他们不能像城里的孩子那样轻易去培养各种兴趣爱好，追求自己的“梦想”。我们希望通过行动帮助他们追求梦想。</p><p></p><h3>项目执行计划</h3><p></p><div class=\"media-wrap image-wrap\"><img class=\"media-wrap image-wrap\" src=\"https://oalipay-dl-django.alicdn.com/rest/1.0/image?fileIds=X7BuIpmdQpGng3xIPfLS7AAAACMAAQED&amp;zoom=original\" seed=\"mediaWrap-mediaWrapT3\" smartracker=\"on\"></div><p></p><p>项目计划为江西省遂川县的4个阳光家园升级硬件设备、增购文体用品、引入社工等社会组织开展缤纷多彩的兴趣课程、文娱活动，定期邀请社工、志愿者为遂川留守儿童讲解历史文化、安全防范知识等体验学习课。丰富遂川县留守儿童们的课余生活，为孩子们培养更多的兴趣爱好。同时，筹集资金用于招募相对固定的童伴妈妈，负责温暖陪伴“阳光家园”内的孩子们，负责孩子们日常照料及帮助解决孩子们的生活问题，心理问题，成长问题，帮助他们放飞梦想，逐梦未来。</p><p></p><p>(1)服务时间： 2020年6月-2021年6月</p><p>(2)帮扶地区：江西省遂川县</p><p>(3)受助对象：江西省遂川县留守儿童</p><p></p><h3>项目预算</h3><p>（1）项目预计筹措善款共计110834元，其中包括为遂川留守儿童升级学习设备以及聘请当地社会组织、社工、志愿者开展各类兴趣活动所用。</p><p>（2）预算明细表</p><p></p><div class=\"media-wrap image-wrap\"><img class=\"media-wrap image-wrap\" src=\"https://oalipay-dl-django.alicdn.com/rest/1.0/image?fileIds=vBfN653ST0KY5VMK3p7H9gAAACMAAQED&amp;zoom=original\" seed=\"mediaWrap-mediaWrapT4\" smartracker=\"on\"></div><p>注：物资以实际采购价格为准。</p><p>预算审核说明：中华少年儿童慈善救助基金会已根据基金会预算采购标准及采购流程规范对本项目的预算进行审核，确认符合中华少年儿童慈善救助基金会的预算制定规范及采购规范，如有疑问，可联系：电话010-51660112/邮箱ptyy@ccafc.org.cn。</p><p></p><h3>执行机构</h3><p>中社社会工作发展基金会是经国家民政部直接登记并业务主管的全国性非公募慈善组织。2019年，中社基金公益项目覆盖老年、儿童、青少年、婚姻、家庭、社区、社工奖励、文化、体育、心理健康、康复医疗、脱贫攻坚、牵手计划等多个领域，运用社会工作的理念和方法，通过公益项目的开展，对各类人群提供公益帮扶和支持，服务社会，惠及民生。</p><p></p><h3>捐赠票据说明</h3><p>中华少年儿童慈善救助基金会将为您开具捐赠票据，需要捐赠票据的支付宝公益爱心用户须将以下信息（捐赠人姓名、开票抬头、金额、含有订单号捐赠截图、电话、地址等）发至邮箱sunny20110620@sina.com申请，联系电话0755-82716084。基于邮寄成本的考虑，100元以上的捐赠票据将以快递方式寄出，建议您多次捐赠累积集中开具捐赠票据。感恩您的信任和理解。</p>', '2', '/uploads/c0fb522f-f3c7-412d-9914-2db97f9b0951_image (2).png', '50000.00', '0', '2020-06-03 00:00:00', '2020-06-20 00:00:00', '2', '2', '0');
INSERT INTO `application` VALUES ('20', '1', '1', '守护患白阿明的幸福', '<h3>我的幸福小家</h3><p>我叫阿明，今年26岁，有一个平凡、简单的家庭，妻儿相伴、父母安好。来自农村的我，虽然生活并不富裕，却已觉得幸福满满。我十分享受并珍惜这样的生活，亦为经营我的幸福小家而奋斗着。不曾想，正当我浑身充满干劲、努力奔向美好未来的时候，病魔悄悄盯上了我！</p><div class=\"media-wrap image-wrap\"><img class=\"media-wrap image-wrap\" src=\"https://oalipay-dl-django.alicdn.com/rest/1.0/image?fileIds=eV-Q21o4T7u-paewGS8pCwAAACMAAQED&amp;zoom=original\" seed=\"mediaWrap-mediaWrap\" smartracker=\"on\"></div><h3>病魔突袭，白血病缠身</h3><p>“幸福的家庭都是相似的，不幸的家庭各有各的不幸。”我的幸福小家，因为白血病这个“血魔”而陷入了困境和痛苦。2020年3月13日，我因为高烧不退在家人的陪伴下来到医院检查。疫情时期，本以为是不幸患上新冠肺炎，谁知却患上了急性髓系白血病。轰的一声，我的脑中一片空白，犹如千斤重的一纸诊断书压得我喘不过气来，被白血病缠上的我今后到底该何去何从？儿子才2岁半，我多想陪他长大；父母辛劳了大半辈子，我多想陪他们慢慢变老。</p><div class=\"media-wrap image-wrap\"><img class=\"media-wrap image-wrap\" src=\"https://oalipay-dl-django.alicdn.com/rest/1.0/image?fileIds=HJUQVpZ7Tn2MHjcqcpyLuQAAACMAAQED&amp;zoom=original\" seed=\"mediaWrap-mediaWrapT1\" smartracker=\"on\"></div><h3>家伴左右，又怎能屈服</h3><p>怀疑过、迷茫过、崩溃过，可是无论如何我也要放手与病魔一搏，不能就这样放弃，不仅是为了我，也是为了一直陪伴着我的家人们。目前，为了能更好的照顾我，妻子一直在医院陪伴着我进行治疗，常住农村的母亲也住进医院对面的出租屋，一来可以照看年幼的孩子，二来也方便料理我的饮食。虽然在一疗结束时因为真菌感染、高烧不退，我一度被下了病危通知书，但在家人们不离不弃的支持下，目前一切都在慢慢变好。我不知道后面还有多少困难在等着我，但我决不会放弃任何一丝生的希望。</p><div class=\"media-wrap image-wrap\"><img class=\"media-wrap image-wrap\" src=\"https://oalipay-dl-django.alicdn.com/rest/1.0/image?fileIds=3YefY0LEQdKULAztQBDS4wAAACMAAQED&amp;zoom=original\" seed=\"mediaWrap-mediaWrapT2\" smartracker=\"on\"></div><h3>命运无常，盼得相助</h3><p>根据医生的治疗方案，这次巩固疗之后就会进行骨髓移植。但由于我现在的治疗费用都是东拼西凑来的，迄今为止的治疗费用早已让整个家庭捉襟见肘，后续的移植费用就像一座大山横在我们面前，阻碍着我们继续前行。万般无奈之下，望能得到各位爱心人士的帮助，拯救我们这个小家，让我们这个小家庭能重回往日的幸福生活。</p><div class=\"media-wrap image-wrap\"><img class=\"media-wrap image-wrap\" src=\"https://oalipay-dl-django.alicdn.com/rest/1.0/image?fileIds=pABhZdKATQ-6iDeWQmd22gAAACMAAQED&amp;zoom=original\" seed=\"mediaWrap-mediaWrapT3\" smartracker=\"on\"></div><h3>项目执行计划</h3><p>2020年6月：项目材料审核，情况属实核实。</p><p>2020年6月-2020年8月：项目上线筹款，积极自筹，同时得到爱心人士帮助。</p><p>2020年7月-2020年9月：按基金会流程审核按治疗进度拨款。</p><div class=\"media-wrap image-wrap\"><img class=\"media-wrap image-wrap\" src=\"https://oalipay-dl-django.alicdn.com/rest/1.0/image?fileIds=sUV3NiTgQ2GbiatUQsMbEAAAACMAAQED&amp;zoom=original\" seed=\"mediaWrap-mediaWrapT4\" smartracker=\"on\"></div><h3>项目预算</h3><p>（1）本项目计划为急性髓系白血病患者阿明筹款10万元，用于他后续治疗费用，根据治疗方案，直接拨付至阿明所在医院。</p><p>（2）预算明细表如下：</p><div class=\"media-wrap image-wrap\"><img class=\"media-wrap image-wrap\" src=\"https://oalipay-dl-django.alicdn.com/rest/1.0/image?fileIds=M5OR_WXRRvKfGPpoU1LJLwAAACMAAQED&amp;zoom=original\" seed=\"mediaWrap-mediaWrapT5\" smartracker=\"on\"></div><p>（3）补充说明：管理费主要用于机构行政支出，包含项目前期调研评估审核，执行过程中产生的交通、物料、人员工资、志愿者补贴等费用。</p><p>（4）阿明家属承诺，善款若有剩余，将用于资助其他同类项目。</p><p>（5）预算审核说明：海南成美慈善基金会已根据基金会预算采购标准及采购流程规范对本项目的预算进行审核，确认符合基金会的预算制定规范及采购规范，如有疑问，可联系：基金会电话0898-68574226 /邮箱cm@chengmei.org.cn。</p><h3>执行机构介绍</h3><p>成都爱益行公益服务中心是在成都市民政局正式注册（统一社会信用代码：52510100MJQ078891H），具有资质的正规公益机构，发起人为一群长期在四川、云南地区开展助学和救助活动的公益人。我们始终坚持专业、透明、高效的服务精神，链接社会爱心资源，为有需要的社会困难群体贡献自己的力量。截止目前已经资助学生超过1500名，救助大病患者超过1000人。</p><p>求助电话：028-67871199</p><h3>捐赠收据说明</h3><p>海南成美慈善基金会将为您开具捐赠票据，需要捐赠票据的支付宝公益爱心用户须将以下信息（捐赠人姓名、开票抬头、金额、捐赠截图、电话、地址等）发至邮箱cmjzpj@chengmei.onaliyun.com申请，联系电话0898-68574226。基于邮寄成本的考虑，100元以上的捐赠票据将以挂号信的方式寄出，建议您多次捐赠累积集中开具捐赠票据。感恩您的信任和理解。</p>', '1', '/uploads/b758c054-f0f4-45de-aa20-44e2a7651617_image (6).png', '200000.00', '0', '2020-06-01 00:00:00', '2020-06-25 00:00:00', '2', null, '0');
INSERT INTO `application` VALUES ('21', '4', null, '壹基金驰援广西洪灾', '<h3>国家启动防汛Ⅳ级应急响应</h3><p>受高空槽、切变线和弱冷空气共同影响，5月30日以来广西出现持续强降雨天气，截至6月6日17时统计，本次洪涝灾害造成323468人受灾人口，因灾死亡1人（雷击）；农作物受灾面积14225.0公顷；倒塌房屋61户128间；直接经济损失30053.2万元。</p><p></p><div class=\"media-wrap image-wrap\"><img class=\"media-wrap image-wrap\" src=\"https://oalipay-dl-django.alicdn.com/rest/1.0/image?fileIds=W3K2pxe7SHysRt3g71qNiAAAACMAAQED&amp;zoom=original\" seed=\"mediaWrap-mediaWrap\" smartracker=\"on\"></div><p>（图：连日降雨，洼地被淹，群众出行受阻）</p><p></p><p>自治区水文中心于6月7日14时升级发布洪水橙色预警；同日10时，自治区气象局将重大气象灾害（暴雨）从Ⅲ级应急响应提升为Ⅱ级应急响应；自治区防汛抗旱指挥部于6月2日18时起启动自治区洪涝灾害Ⅳ级应急响应，6月4日17时起将自治区洪涝灾害应急响应提升为Ⅲ级。</p><p></p><div class=\"media-wrap image-wrap\"><img class=\"media-wrap image-wrap\" src=\"https://oalipay-dl-django.alicdn.com/rest/1.0/image?fileIds=tmZkaHFvQz6alUZoCH-irgAAACMAAQED&amp;zoom=original\" seed=\"mediaWrap-mediaWrapT1\" smartracker=\"on\"></div><p>（图：村民在进行转移）</p><p></p><p>根据汛情发展和相关规定，国家防总于7日16时启动防汛Ⅳ级应急响应，向广西派出工作组指导做好防汛工作。</p><p></p><div class=\"media-wrap image-wrap\"><img class=\"media-wrap image-wrap\" src=\"https://oalipay-dl-django.alicdn.com/rest/1.0/image?fileIds=8nlLxHILSLCNGyWITUqdngAAACMAAQED&amp;zoom=original\" seed=\"mediaWrap-mediaWrapT2\" smartracker=\"on\"></div><p>（图：当地救援队开展救援）</p><p></p><p>在桂林市阳朔县，过去24小时普降暴雨到大暴雨，局部特大暴雨，降雨量较大的有阳朔镇龙潭村406毫米、高田镇界底村343.5毫米等。7日10时桂江阳朔水文站水位110.58米，目前水位正在缓慢上涨。</p><p></p><h3>暴雨持续，救援刻不容缓</h3><p>据气象部门预报，预计未来几天强降雨仍将持续并加强，桂北、桂中将出现大暴雨到特大暴雨。此次大范围强降雨区，与前期强降雨区位置重叠，部分地区发生山洪、地质灾害、中小河流洪水和城乡内涝的风险增大。</p><p></p><div class=\"media-wrap image-wrap\"><img class=\"media-wrap image-wrap\" src=\"https://oalipay-dl-django.alicdn.com/rest/1.0/image?fileIds=iQNhyCA6RdSXJB4ASA5FgAAAACMAAQED&amp;zoom=original\" seed=\"mediaWrap-mediaWrapT3\" smartracker=\"on\"></div><p></p><p>另外强降雨频次日益增多、范围扩大、强度加强，极端天气明显增多，此次过程局部降雨强度较大，部分河流可能出现超警。灾情可能进一步恶化。</p><p></p><h3>壹基金联合救灾行动</h3><p>6月7日早，壹基金联合救灾-广西伙伴反馈桂林阳朔和永福本次受灾的情况。</p><p></p><p>6月7日21时30分与壹基金联合救灾-广西伙伴与桂林市应急管理部门汇报沟通灾情信息并汇报目前的备灾工作情况。</p><p></p><p>6月7日21时40分壹基金联合救灾启动应急响应，根据目前广西受灾情况，计划对桂林市阳朔县、永福县、平乐县三个区县进行回应。</p><p></p><p>6月8日，壹基金联合救灾-广西伙伴启动实地需求评估三组伙伴分别前往永福县、平乐县、阳朔县进行需求评估。</p><p></p><p>6月8日12时59分，壹基金联合救灾-广西联合救援伙伴-柳州市鼎力救援促进中心抵达广西桂林市永福县应急管理局指挥中心对接灾情及需求信息。</p><div class=\"media-wrap image-wrap\"><img class=\"media-wrap image-wrap\" src=\"https://oalipay-dl-django.alicdn.com/rest/1.0/image?fileIds=LF9ui7pmSnuLAbfE58Qd7AAAACMAAQED&amp;zoom=original\" seed=\"mediaWrap-mediaWrapT4\" smartracker=\"on\"></div><p></p><p></p><div class=\"media-wrap image-wrap\"><img class=\"media-wrap image-wrap\" src=\"https://oalipay-dl-django.alicdn.com/rest/1.0/image?fileIds=t9rxXKKaT8m8pZB0uVNL2wAAACMAAQED&amp;zoom=original\" seed=\"mediaWrap-mediaWrapT5\" smartracker=\"on\"></div><p>(图：居民房屋被淹)</p><p></p><h3>壹起行动，度过难关</h3><p>关于灾情信息仍在继续收集中，壹基金救援已紧锣密鼓的进行，在配合政府积极进行紧急救援的同时，我们呼吁您的加入，壹起加入行动，为灾区同胞提供粮油包、温暖包和救灾温暖箱生活应急品，尽快恢复正常生活，一起帮助广西共度难关。</p><div class=\"media-wrap image-wrap\"><img class=\"media-wrap image-wrap\" src=\"https://oalipay-dl-django.alicdn.com/rest/1.0/image?fileIds=7ciRVvyOQiGm6FLRSApQGwAAACMAAQED&amp;zoom=original\" seed=\"mediaWrap-mediaWrapT6\" smartracker=\"on\"></div><p></p><p>（上述图片来源于人民网广西频道、广西应急管理等网络媒体及壹基金联合救灾-广西联合救援一线合作伙伴）</p><p></p><p>壹家人救灾驰援，离不开每一位爱心用户的支持！</p><p></p><h3>项目预算</h3><p>项目总筹款为970,000元，主要用于广西桂林市阳朔县、永福县、平乐县三区受洪涝灾害影响的人民，提供粮油包、救灾温暖箱和壹基金温暖包应急物品，支持受灾害影响的民众灾后生活恢复。</p><div class=\"media-wrap image-wrap\"><img class=\"media-wrap image-wrap\" src=\"https://oalipay-dl-django.alicdn.com/rest/1.0/image?fileIds=idETDWCITp2s-Q2nA43qbwAAACMAAQED&amp;zoom=original\" seed=\"mediaWrap-mediaWrapT7\" smartracker=\"on\"></div><p></p><p>补充说明：</p><p>1、壹基金承诺该项目的机构管理费用不超过《慈善法》规定的项目支出总额的10%；</p><p>2、预算有可能根据灾情及调研需求变化而有所调整；</p><p>3、本项目所筹善款将用于受洪涝影响受灾地区的救灾行动中所发物资，如有结余，将根据需要，协调至其它更有需要的受灾地区，支援当地救灾行动，并据实披露进展和结项情况。</p><p>4、 救灾物资介绍：</p><p>【家庭救灾箱：应对生活用品紧缺问题，提供灾后卫生、保暖等全方面的生活保障】</p><p></p><div class=\"media-wrap image-wrap\"><img class=\"media-wrap image-wrap\" src=\"https://oalipay-dl-django.alicdn.com/rest/1.0/image?fileIds=X9-FfyToR0eQm9Si4qWASgAAACMAAQQD&amp;zoom=original\" seed=\"mediaWrap-mediaWrapT8\" smartracker=\"on\"></div><p></p><p>【粮油包】</p><p></p><div class=\"media-wrap image-wrap\"><img class=\"media-wrap image-wrap\" src=\"https://oalipay-dl-django.alicdn.com/rest/1.0/image?fileIds=ZMTZ0DP0T5218OQckQwVvQAAACMAAQED&amp;zoom=original\" seed=\"mediaWrap-mediaWrapT9\" smartracker=\"on\"></div><p></p><p>【壹基金温暖包：专为儿童设计，满足灾后儿童在生活、卫生及心理方面的个性化需求】</p><p></p><div class=\"media-wrap image-wrap\"><img class=\"media-wrap image-wrap\" src=\"https://oalipay-dl-django.alicdn.com/rest/1.0/image?fileIds=Ap-zlgWTT-GF3S3zUIvxzAAAACMAAQQD&amp;zoom=original\" seed=\"mediaWrap-mediaWrapT10\" smartracker=\"on\"></div><p></p><p>预算审核说明:壹基金已根据基金会预算采购标准及采购流程规范对本项目的预算进行审核，确认符合基金会的预算制定规范及采购规范，如有疑问，可电话/电邮联系：4006902700 / info@onefoundation.cn。</p><p></p><h3>执行机构</h3><p>壹基金是李连杰先生2007年4月创立的创新型公益组织，2011年1月作为中国第一家民间公募基金会落户深圳。壹基金以“尽我所能，人人公益”为愿景，搭建专业透明的公益平台，专注于灾害救助、儿童关怀与发展、公益支持与创新三大领域，致力于成为中国公益的开拓者、创新者和推动者。</p><p></p><h3>捐赠收据说明</h3><p>深圳壹基金公益基金会将为您开具捐赠票据，需要捐赠收据的爱心用户请将以下信息发至邮箱idonation@onefoundation.cn进行申请。100元及以上，我们将安排邮寄，需要1.捐赠人姓名 2.开票抬头3.金额 4.捐赠截图 5.电话 6.地址 7.捐赠人邮箱；100元以下：以发票扫描的形式发送至捐赠人邮箱，1.捐赠人姓名 2.开票抬头 3.金额 4.捐赠截图5.电话 6.地址 7.捐赠人邮箱。</p><p></p><div class=\"media-wrap image-wrap\"><img class=\"media-wrap image-wrap\" src=\"https://oalipay-dl-django.alicdn.com/rest/1.0/image?fileIds=R9Xp5lsXRc2_LYpaR7d_uwAAACMAAQQD&amp;zoom=original\" seed=\"mediaWrap-mediaWrapT11\" smartracker=\"on\"></div><p></p><p></p><p>基于邮寄成本的考虑，建议您累积多次捐赠后，集中申请开具捐赠发票，我们会珍惜您所捐赠的一分一毫，确保用得其所，感恩您的信任和理解。</p>', '3', '/uploads/378e340f-3bb0-457a-bda9-6e6812dbe7b1_image (3).png', '970000.00', '0', '2020-06-08 00:00:00', '2020-09-21 00:00:00', '2', '2', '0');
INSERT INTO `application` VALUES ('22', '4', null, '让贫困儿童唱出心声', '<h3>高山上的嘹亮童声</h3><p>小金凤是学校里公认的小小歌唱家，也是四年级的音乐课代表。她的同桌告诉志愿者，音乐课本里的每首歌小金凤都会唱，课间的时候她还会在走廊上带着女生一起唱歌。</p><p>兼职教音乐的张老师说：“她乐感好，学校办歌唱比赛，她一直都是领唱。”老师又笑着告诉我们：“她姐姐我也教过，也是个才女，从小干活的时候就带着妹妹唱歌，把妹妹教的很好。”</p><p></p><p></p><div class=\"media-wrap image-wrap\"><img class=\"media-wrap image-wrap\" src=\"https://oalipay-dl-django.alicdn.com/rest/1.0/image?fileIds=Neni-W-ETLaxGWmkHsTg5AAAACMAAQED&amp;zoom=original\" seed=\"mediaWrap-mediaWrap\" smartracker=\"on\"></div><p></p><p>我们到学校的时候刚好遇到音乐课，在学校门口就听见了孩子们嘹亮的歌声，大家一边唱一边拍手打节奏，在齐唱的音乐中，孩子们脸上满是认知。</p><p>张老师略带遗憾地说：“如果有些乐器就好了，孩子们学习能力都很强。”</p><p>这所学校是一个小规模学校，音乐、美术、科学等课程的教学物资动态缺口一直存在，孩子们学习的热情就像茁壮成长的小树苗一样，在老师的呵护下慢慢长大。音乐课本里的乐器，就是他们小小心灵里一个美丽的愿望。</p><p></p><h3>画一幅给妈妈的画</h3><p></p><p>老师在课堂上告诉同学们，五月有一个特殊的日子，叫做母亲节，希望大家能够在这一天亲口对妈妈说一声谢谢，给妈妈一个拥抱。</p><p>张念念的眼睛里闪着光，她有些害羞地告诉志愿者：“我早就知道母亲节了，我给妈妈准备了一个礼物。”说完，扭捏着从书页里拿出了一幅画：“中间是妈妈，左边是妹妹，右边是我和爸爸”。</p><p>这是一幅纯粹用黑色铅笔画成的简笔画，但念念画得非常认真，在每个人物的下方都写上了名字，还在侧面写上了对妈妈的祝福。</p><p></p><p></p><div class=\"media-wrap image-wrap\"><img class=\"media-wrap image-wrap\" src=\"https://oalipay-dl-django.alicdn.com/rest/1.0/image?fileIds=VxJozWlSTAujwQT8Jz6xPwAAACMAAQQD&amp;zoom=original\" seed=\"mediaWrap-mediaWrapT1\" smartracker=\"on\"></div><p></p><p>因为缺少必备的美术用品，学校里的美术课程一直没能真正开起来，孩子们一直在用做作业的铅笔画着简笔画。老师开玩笑说，这叫做“熊猫画”，只有黑白两种颜色，但每一张画作，老师都珍惜地收藏在柜子里。</p><p></p><h3>呵护每一颗童心的成长</h3><p>孩子们在成长的过程中，音乐、美术、科学等课程是不可缺少的部分，就像是小树苗成长时的肥料一样，让幼小的心灵更加茁壮，更加充满善良和爱。</p><p>我们希望将教学必须的用品，送到这些欠发达地区的小学中，让这里的孩子们能够拿起画笔、拿起竖笛，能够凑在显微镜前看到一个截然不同的奇妙世界。</p><p></p><div class=\"media-wrap image-wrap\"><img class=\"media-wrap image-wrap\" src=\"https://oalipay-dl-django.alicdn.com/rest/1.0/image?fileIds=lJj1dJDnRoyZrBwA8YMbPQAAACMAAQQD&amp;zoom=original\" seed=\"mediaWrap-mediaWrapT2\" smartracker=\"on\"></div><p></p><h3>项目执行计划</h3><p>2020年6月：项目合作伙伴对学校申报信息进行筛选 ；2020年7月-2021年6月：物资采购，并配送到需要援助的学校中；2020年8月-2021年7月：跟进学校物资使用情况，并进行反馈。</p><p>1、服务时间：2020年6月-2021年7月</p><p>2、帮扶地区：全国</p><p>3、受助对象：贫困儿童</p><p></p><p></p><h3>项目预算</h3><p>该项目预算主要为爱心音乐教室、科学实验室、爱心美术园地、卫生防疫包物资采购费用、志愿者补贴及机构管理费等，共计221111元。</p><p></p><div class=\"media-wrap image-wrap\"><img class=\"media-wrap image-wrap\" src=\"https://oalipay-dl-django.alicdn.com/rest/1.0/image?fileIds=vXIUoz3ZQXWnVepZLzBm-gAAACMAAQED&amp;zoom=original\" seed=\"mediaWrap-mediaWrapT3\" smartracker=\"on\"></div><p>附表1：爱心音乐教室</p><div class=\"media-wrap image-wrap\"><img class=\"media-wrap image-wrap\" src=\"https://oalipay-dl-django.alicdn.com/rest/1.0/image?fileIds=rtprcQwXQE607DDVb6jdZwAAACMAAQED&amp;zoom=original\" seed=\"mediaWrap-mediaWrapT4\" smartracker=\"on\"></div><p>附表2：科学实验室</p><p></p><div class=\"media-wrap image-wrap\"><img class=\"media-wrap image-wrap\" src=\"https://oalipay-dl-django.alicdn.com/rest/1.0/image?fileIds=mvPOclHhRVSP8-cc69eTvQAAACMAAQED&amp;zoom=original\" seed=\"mediaWrap-mediaWrapT5\" smartracker=\"on\"></div><p>附表3：爱心美术园地</p><div class=\"media-wrap image-wrap\"><img class=\"media-wrap image-wrap\" src=\"https://oalipay-dl-django.alicdn.com/rest/1.0/image?fileIds=om43cwb-R2CaYgdW6mIMqwAAACMAAQED&amp;zoom=original\" seed=\"mediaWrap-mediaWrapT6\" smartracker=\"on\"></div><p>预算审核说明：中华少年儿童慈善救助基金会已根据基金会预算采购标准及采购流程规范对本项目的预算进行审核，确认符合基金会的预算制定规范及采购规范，如有疑问，可联系：基金会电话010-51660112/邮箱ptyy@ccafc.org.cn。</p><h3>执行机构</h3><p>能量星光工程是能量中国网等单位申请，中华儿慈会回家的希望批准设立的公益援助平台，以教育扶贫、公益倡议等形式，提升欠发达地区儿童的福祉。</p><p>中华少年儿童慈善救助基金会（简称：中华儿慈会）于2009年9月10日经国务院批准，2010年1月12日成立，是民政部主管的全国性公募基金会。从成长、医疗、教育、环保、文体等方面，对社会上无人监管抚养的孤儿、流浪儿童、辍学学生、问题少年和其他有特殊困难的少年儿童开展救助活动，传播慈善理念，弘扬慈善文化。</p><h3>捐赠收据说明</h3><p>中华少年儿童慈善救助基金会将为您开具捐赠收据，需要捐赠收据的支付宝公益爱心用户须将以下信息（捐赠人姓名、开票抬头、金额、含有订单号的捐赠截图、电话、地址等）发至邮箱huijiadexiwang@ccafc.org.cn申请，联系电话010-51660112-121。基于邮寄成本的考虑，100元以上的捐赠发票将以快递方式寄出，建议您多次捐赠累积集中开具捐赠发票。感恩您的信任和理解。</p>', '3', '/uploads/0181828c-7c02-4438-a748-60a072deebc8_image (4).png', '100000.00', '0', '2020-06-10 00:00:00', '2020-06-30 00:00:00', '2', '0', '0');
INSERT INTO `application` VALUES ('23', '4', null, '爱心关怀困境父亲', '<p>80多岁的李老爷子，是福建省一个贫困农村的村民，他和老伴常年住在村里，有一个儿子在外地打工。周老爷子年轻时为了照顾家庭起早贪黑的干活，如今年纪大了手脚不便，甚至日常生活都要坐轮椅。他最大的愿望就是自己孩子能多回家陪陪自己，但由于工作地点路途遥远，加上今年疫情影响交通不便，周老爷子只能每天盼望着。</p><div class=\"media-wrap image-wrap\"><img class=\"media-wrap image-wrap\" src=\"https://oalipay-dl-django.alicdn.com/rest/1.0/image?fileIds=rpMWi4fwTvKTGeQ009wcagAAACMAAQED&amp;zoom=original\" seed=\"mediaWrap-mediaWrap\" smartracker=\"on\"></div><p>在我们身边，还生活着许多像周老爷子这样的困境父亲，他们年轻的时候是家庭的顶梁柱，现在因为种种原因，成为留守、空巢、特困老人。他们有的还在为自己的一日三餐犯愁，但是，生活上的困难还可忍受，最让老人们难过的是缺少家人的陪伴，有时连个说话的人都没有。</p><div class=\"media-wrap image-wrap\"><img class=\"media-wrap image-wrap\" src=\"https://oalipay-dl-django.alicdn.com/rest/1.0/image?fileIds=7Wkwm1FeTk2C6YKHSbgkkAAAACMAAQED&amp;zoom=original\" seed=\"mediaWrap-mediaWrapT1\" smartracker=\"on\"></div><p>每一位辛劳的父亲都值得尊敬，有时候，一丝陪伴、一句问候就是他们最大的期望。为了帮助困境老人，我们在父亲节来临之际发起本项目，计划为失依老人、孤寡老人、贫困家庭的老人等困境老人送上“父亲节礼包”，帮助他们改善生活质量，让这些勤劳一生的父亲在晚年得到一丝慰藉。</p><div class=\"media-wrap image-wrap\"><img class=\"media-wrap image-wrap\" src=\"https://oalipay-dl-django.alicdn.com/rest/1.0/image?fileIds=3J4jFKC8QASFaHa7-kORxwAAACMAAQQD&amp;zoom=original\" seed=\"mediaWrap-mediaWrapT2\" smartracker=\"on\"></div><p>父爱如山，每个爸爸都愿意用自己的肩膀扛起孩子，希望他们健康快乐地成长，为家人遮风挡雨、辛勤付出是爸爸最有成就感的事。我们希望通过项目，能够将爱心延续下去，让每一位老人都能够老有所依，老有所养。</p><div class=\"media-wrap image-wrap\"><img class=\"media-wrap image-wrap\" src=\"https://oalipay-dl-django.alicdn.com/rest/1.0/image?fileIds=nCL0dG5ERe6nI-aXio4bygAAACMAAQQD&amp;zoom=original\" seed=\"mediaWrap-mediaWrapT3\" smartracker=\"on\"></div><p></p><h3>项目执行成效</h3><p>帮助更多的困境老人改善生活条件，给他们带去一丝陪伴。</p><p></p><h3>项目执行计划</h3><p>组织志愿者团队调研福建省困境老人生活情况，开展“父亲节礼包”捐赠行动，帮助困境老人的改善生活条件。</p><p>(1)服务时间：2020年6月~2021年6月</p><p>(2)帮扶地区：福建省</p><p>(3)受助对象：困境（男性）老人</p><p></p><h3>项目预算</h3><p>本项目预算102700元，主要用于父亲节礼包购买等费用。详细预算如下：</p><div class=\"media-wrap image-wrap\"><img class=\"media-wrap image-wrap\" src=\"https://oalipay-dl-django.alicdn.com/rest/1.0/image?fileIds=aOAWUDCkRbSLMC5u4oeefgAAACMAAQED&amp;zoom=original\" seed=\"mediaWrap-mediaWrapT4\" smartracker=\"on\"></div><p>预算审核说明：福建省商盟公益基金会已根据基金会预算采购标准及采购流程规范对本项目的预算进行审核，确认符合基金会的预算制定规范及采购规范，如有疑问，可联系：基金会电话0591-83302086邮箱smgyjjh@163.com。</p><p></p><h3>执行机构</h3><p>福建省商盟公益基金会是公募慈善组织机构，2018年募捐善款82388964.15元，公益支出78729610.38元、参与和主办公益项目数十项、受益人数达到1万人、覆盖地区包含福州、寿宁、古田等县市，受到当地政府和群众的高度赞誉。</p><p></p><h3>捐赠票据说明</h3><p>如果您需要开具捐赠发票，请在捐赠后10个工作日内，将捐赠记录截图、捐赠人姓名、捐赠数额、邮寄地点等信息，发送邮件至smgyjjh@163.com（咨询电话：0591-83579115），我们的工作人员会为您处理。</p><p>一，邮寄方式：基于邮寄成本考虑：</p><p>1000元以上的捐赠将以快递方式寄出；</p><p>300元以上1000元以下的捐赠将以挂号信方式寄出；</p><p>300元以下的捐赠需要您到付邮费，建议多次捐赠累积集中开具捐赠发票。</p><p>二，电子信箱：我们会把捐赠发票以扫描件的形式发送至你的邮箱。</p><p>公益无大小，行动即榜样！感谢您的信任和理解。</p>', '4', '/uploads/4dc43e92-b0ca-4e20-9cd6-9db2f3ff70bf_image.png', '102700.00', '0', '2020-06-12 00:00:00', '2020-06-18 00:00:00', '2', '0', '0');

-- ----------------------------
-- Table structure for authority
-- ----------------------------
DROP TABLE IF EXISTS `authority`;
CREATE TABLE `authority` (
  `id` int(11) NOT NULL AUTO_INCREMENT,
  `user_id` int(11) DEFAULT NULL,
  `found` int(11) DEFAULT NULL,
  `img` varchar(255) DEFAULT NULL,
  `people` int(11) DEFAULT NULL,
  `description` longtext,
  `tel` varchar(11) DEFAULT NULL,
  `address` varchar(255) DEFAULT '',
  `represent` varchar(20) DEFAULT NULL,
  `created_time` datetime DEFAULT NULL,
  `status` tinyint(4) DEFAULT NULL,
  PRIMARY KEY (`id`),
  KEY `FK_authority_user_id` (`user_id`),
  CONSTRAINT `FK_authority_user_id` FOREIGN KEY (`user_id`) REFERENCES `user` (`id`) ON DELETE CASCADE
) ENGINE=InnoDB AUTO_INCREMENT=6 DEFAULT CHARSET=utf8mb4;

-- ----------------------------
-- Records of authority
-- ----------------------------
INSERT INTO `authority` VALUES ('1', '2', '3000000', '/uploads/473f0bbe-1069-4004-a137-5b3d43df72a1_authority.jpg', '300', '天弘基金致力于慈善事业，保障儿童健康', '15565444147', '山东省济南市历下区城中村', '张玲', '2020-06-10 00:00:00', '1');
INSERT INTO `authority` VALUES ('4', '19', '123123123', '/uploads/1f1f41aa-99cb-4ebc-b036-d85995ce8250_authority1.png', '300', '<h2 class=\"news_ceneter_title\" style=\"text-align: center;\">总会介绍</h2><div class=\"zhgk_gk\"><p style=\"text-align: center;\"><img title=\"中华慈善总会Logo.JPG\" src=\"http://file.chinacharityfederation.org/Image/20141215/20141215135252_1653.JPG\"></p><p><span>中华慈善总会成立于1994年，是经中国政府批准依法注册登记，由热心慈善事业的公民、法人及其他社会组织志愿参加的全国性非营利公益社会团体，目前在全国拥有401个会员单位。其宗旨是：发扬人道主义精神，弘扬中华民族扶贫济困的传统美德，帮助社会上不幸的个人和困难群体，开展多种形式的社会救助工作。中华慈善总会第一任会长是崔乃夫先生；第二任会长是阎明复先生；第三任会长是第九届、第十届全国政协常委，民政部原党组副书记、副部长范宝俊先生；第四任会长是第十一届全国人大代表、财经委员会委员，全国老龄办原常务副主任李本公先生；现任会长是<span></span>全国人大社会建设委员会副主任委员、民政部原副部长宫蒲光先生。</span></p><p><span>中华慈善总会自成立至今，始终坚持恪守总会宗旨，积极倡导慈善意识，努力开拓慈善工作的服务领域，广泛动员社会力量，多方筹措慈善资金，配合政府有关部门在紧急救援、扶贫济困、安老助孤、医疗救助、助学支教等方面做了大量工作，取得了显著成绩。</span></p><p><span>近几年来，中华慈善总会特别注意发挥其本身所特有的涵盖面较为宽泛的特点，开展了救灾、扶贫、安老、助孤、支教、助学、扶残、助医等八大方面几十个慈善项目，逐步形成了遍布全国、规模巨大的慈善援助体系。截至目前，中华慈善总会直接募集慈善款物共折合人民币一千二百多亿元，数以千万计的困难群众得到了不同形式的救助。</span></p><p><span>中华慈善总会实行严格的财务制度和审计制度，聘请了知名会计师事务所进行年度财务审计，重大募捐活动接受国家审计署的审计，并随时接受社会监督。中华慈善总会始终坚持公开、公正、依法、自律的财务理念，社会公信力稳步提高。&nbsp;</span></p><p><span>中华慈善总会不断加强对外联络工作，与港澳台和海外的许多公益慈善机构建立了良好的合作关系，并共同实施了多项合作项目，得到了国际慈善组织的普遍认同。1998年，中华慈善总会加入了国际联合劝募协会（现更名为“全球联合之路”），成为该组织中在中国大陆的重要会员。</span></p><p><span>可以说，中华慈善总会作为中国最大、最有影响力的慈善组织之一，已经开始成为联系海内外华人和国际友人，共同促进中国慈善事业稳步发展的一条重要枢纽。</span></p></div>', '17853308821', '北京市西城区二龙路甲33号', '王乐乐', '2020-06-04 00:00:00', '1');
INSERT INTO `authority` VALUES ('5', '21', '30000', '/uploads/310219b3-c4d4-49e0-bf22-0ce89abb1ead_authority1.jpg', '1231', '<p>福建省青少年发展基金会是共青团福建省委、福建省青年联合会发起并经政府批准创办的具有独立法人地位的非营利性社会团体。福建省青少年发展基金会的宗旨是：为福建青少年利益服务。积极筹集资金并争取海内外关心福建青少年事业的团体、人士的支持和捐赠，促进福建青少年工作和青少年社会教育、科技、文化、福利等事业的发展，为培养、造就青年人才做出贡献。福建省青少年发展基金会的英译名为“FUJIAN YOUTH DEVELOPMENT FOUNDATION”，缩写为：“FJYDF”。中文简称为：“福建青基会”。</p><p>它的主要任务是：</p><p>（1）根据社会发展和青少年成长的需要，创办社会教育、科技、文化和福利事业。</p><p>（2）支持开展和资助开展有益于青少年健康成长的各项活动。</p><p>（3）奖励、资助我省青少年拔尖人才及为青少年事业做出杰出贡献的团体和个人。</p><p>（4）开展与海外友好团体和人士的联络，以及国际青少年组织、基金组织的友好往来，增进相互了解，加强相互合作。</p><p>基金会基金来源于国内外团体、机构和个人的自愿捐赠、基金增殖及其他合法收入。基金会所筹资金，用于符合其宗旨的各项事业，也可根据捐赠者的意愿用于相关资助项目。</p><p>&nbsp;&nbsp;&nbsp;&nbsp;&nbsp;&nbsp;&nbsp; 捐款受理机构：福建省青少年发展基金会</p><p>&nbsp;&nbsp;&nbsp;&nbsp;&nbsp;&nbsp;&nbsp; 地址：福建省福州市鼓楼区东街83号中庚青年广场901室</p><p>&nbsp;&nbsp;&nbsp;&nbsp;&nbsp;&nbsp; &nbsp;开户名：福建省青少年发展基金会</p><p>&nbsp;&nbsp;&nbsp;&nbsp;&nbsp;&nbsp; &nbsp;帐号：4130 5835 7930</p><p>&nbsp;&nbsp;&nbsp;&nbsp;&nbsp;&nbsp;&nbsp; 开户行：中行福建省分行</p><p>&nbsp;&nbsp;&nbsp;&nbsp;&nbsp;&nbsp;&nbsp; 电话：0591-87515222</p><p>&nbsp;&nbsp;&nbsp;&nbsp;&nbsp;&nbsp;&nbsp;&nbsp;传真：0591-87567584</p><p>&nbsp;&nbsp;&nbsp;&nbsp;&nbsp;&nbsp;&nbsp; 邮编：350001</p><p>&nbsp;&nbsp;&nbsp;&nbsp;&nbsp;&nbsp;&nbsp; 邮箱：<a href=\"mailto:fjhope@126.com\">fjhope@126.com</a></p>', '17853308829', '不知名地址', '王莽', '1998-06-12 00:00:00', '1');

-- ----------------------------
-- Table structure for category
-- ----------------------------
DROP TABLE IF EXISTS `category`;
CREATE TABLE `category` (
  `id` int(11) NOT NULL AUTO_INCREMENT,
  `category` varchar(255) DEFAULT NULL,
  PRIMARY KEY (`id`)
) ENGINE=InnoDB AUTO_INCREMENT=5 DEFAULT CHARSET=utf8mb4;

-- ----------------------------
-- Records of category
-- ----------------------------
INSERT INTO `category` VALUES ('1', '意外住院');
INSERT INTO `category` VALUES ('2', '教育助学');
INSERT INTO `category` VALUES ('3', '扶贫救灾');
INSERT INTO `category` VALUES ('4', '其他');

-- ----------------------------
-- Table structure for donate
-- ----------------------------
DROP TABLE IF EXISTS `donate`;
CREATE TABLE `donate` (
  `id` int(11) NOT NULL AUTO_INCREMENT,
  `donor_id` int(11) DEFAULT NULL,
  `application_id` int(11) DEFAULT NULL,
  `money` double(11,2) DEFAULT NULL,
  `is_anoymous` int(11) NOT NULL,
  `message` varchar(255) DEFAULT NULL,
  `prove` varchar(255) NOT NULL COMMENT '捐赠证明',
  `date` datetime DEFAULT NULL,
  `status` int(11) DEFAULT NULL,
  `authority_id` int(11) DEFAULT NULL,
  PRIMARY KEY (`id`),
  KEY `FK_donate_donor_id` (`donor_id`) USING BTREE,
  KEY `FK_donate_authority_id` (`authority_id`),
  KEY `UK_donor_id_application_id` (`application_id`,`donor_id`) USING BTREE,
  CONSTRAINT `FK_donate_applyment_id` FOREIGN KEY (`application_id`) REFERENCES `application` (`id`) ON DELETE CASCADE ON UPDATE CASCADE,
  CONSTRAINT `FK_donate_authority_id` FOREIGN KEY (`authority_id`) REFERENCES `authority` (`id`) ON DELETE CASCADE ON UPDATE CASCADE,
  CONSTRAINT `FK_donate_donor_id` FOREIGN KEY (`donor_id`) REFERENCES `donor` (`id`) ON DELETE CASCADE ON UPDATE CASCADE
) ENGINE=InnoDB AUTO_INCREMENT=24 DEFAULT CHARSET=utf8mb4;

-- ----------------------------
-- Records of donate
-- ----------------------------
INSERT INTO `donate` VALUES ('8', '3', '4', '4301.79', '1', '希望一切安好', '这里存收据图片', null, '1', '1');
INSERT INTO `donate` VALUES ('16', '3', '3', '2791.97', '1', '希望一切安好', '这里存收据图片', '2020-05-30 19:47:20', null, '1');
INSERT INTO `donate` VALUES ('17', '2', '3', '9151.70', '0', '希望一切安好', '这里存收据图片', '2020-05-31 19:47:13', null, '1');
INSERT INTO `donate` VALUES ('18', '4', '4', '965.54', '0', '希望一切安好', '这里存收据图片', '2020-06-01 19:47:09', null, '1');
INSERT INTO `donate` VALUES ('19', '5', '4', '965.54', '0', '希望一切安好', '这里存收据图片', '2020-06-02 17:17:11', null, '1');
INSERT INTO `donate` VALUES ('22', '2', '20', '200.00', '1', null, '/uploads/9b3b81a3-1706-4915-b730-78b39da4cc0b_banner1.jpg', '2020-06-12 23:31:43', '1', '1');
INSERT INTO `donate` VALUES ('23', '3', '20', '200.00', '1', null, '/uploads/9b3b81a3-1706-4915-b730-78b39da4cc0b_banner1.jpg', '2020-06-12 23:31:43', '1', '1');

-- ----------------------------
-- Table structure for donee
-- ----------------------------
DROP TABLE IF EXISTS `donee`;
CREATE TABLE `donee` (
  `id` int(11) NOT NULL AUTO_INCREMENT,
  `user_id` int(11) DEFAULT NULL,
  `description` varchar(255) DEFAULT NULL,
  `authority_id` int(11) DEFAULT NULL,
  `email` varchar(30) DEFAULT NULL,
  `sex` int(11) DEFAULT NULL,
  `birthday` datetime DEFAULT NULL,
  `address` varchar(255) DEFAULT NULL,
  `tel` varchar(20) DEFAULT NULL,
  PRIMARY KEY (`id`),
  KEY `FK_donee_authority_id` (`authority_id`),
  KEY `FK_donee_user_id` (`user_id`),
  CONSTRAINT `FK_donee_authority_id` FOREIGN KEY (`authority_id`) REFERENCES `authority` (`id`) ON DELETE SET NULL ON UPDATE SET NULL,
  CONSTRAINT `FK_donee_user_id` FOREIGN KEY (`user_id`) REFERENCES `user` (`id`) ON DELETE CASCADE
) ENGINE=InnoDB AUTO_INCREMENT=2 DEFAULT CHARSET=utf8mb4;

-- ----------------------------
-- Records of donee
-- ----------------------------
INSERT INTO `donee` VALUES ('1', '12', '家住贫困村', '1', 'wangqiang@163.com', '0', '1980-06-11 00:00:00', '中国青岛', '15563555417');

-- ----------------------------
-- Table structure for donor
-- ----------------------------
DROP TABLE IF EXISTS `donor`;
CREATE TABLE `donor` (
  `id` int(11) NOT NULL AUTO_INCREMENT,
  `user_id` int(11) NOT NULL,
  `career` varchar(20) DEFAULT NULL,
  `email` varchar(30) DEFAULT NULL,
  `sex` int(11) DEFAULT NULL,
  `birthday` date DEFAULT NULL,
  `address` varchar(255) DEFAULT NULL,
  `tel` varchar(11) DEFAULT NULL,
  PRIMARY KEY (`id`),
  KEY `FK_donor_user_id` (`user_id`),
  CONSTRAINT `FK_donor_user_id` FOREIGN KEY (`user_id`) REFERENCES `user` (`id`) ON DELETE CASCADE
) ENGINE=InnoDB AUTO_INCREMENT=7 DEFAULT CHARSET=utf8mb4;

-- ----------------------------
-- Records of donor
-- ----------------------------
INSERT INTO `donor` VALUES ('2', '8', '工人', '123456@123.com', '0', '2020-05-11', '北京市', '17855554474');
INSERT INTO `donor` VALUES ('3', '9', '工人', null, '0', '2020-05-11', '㸼匪석ؐ퓃᭝趙᳾⊘', '2552212');
INSERT INTO `donor` VALUES ('4', '10', '工人', null, '0', '2020-05-11', '폍뎭ⱪﺢ뗬蕷༌鑣壭', '2552212');
INSERT INTO `donor` VALUES ('5', '11', '工人', null, '0', '2020-05-11', '򄡻槿䊐艪྾꒮ꪢ粼', '2552212');
INSERT INTO `donor` VALUES ('6', '25', null, null, '0', null, null, '17855300022');

-- ----------------------------
-- Table structure for news
-- ----------------------------
DROP TABLE IF EXISTS `news`;
CREATE TABLE `news` (
  `id` int(11) NOT NULL AUTO_INCREMENT,
  `authority_id` int(11) DEFAULT NULL,
  `title` varchar(20) DEFAULT NULL,
  `description` varchar(255) DEFAULT NULL,
  `thumb` varchar(255) DEFAULT NULL,
  `content` longtext,
  `time` datetime DEFAULT NULL,
  `click` int(11) DEFAULT '0',
  PRIMARY KEY (`id`),
  KEY `FK_news_authority_id` (`authority_id`),
  CONSTRAINT `FK_news_authority_id` FOREIGN KEY (`authority_id`) REFERENCES `authority` (`id`) ON DELETE CASCADE ON UPDATE CASCADE
) ENGINE=InnoDB AUTO_INCREMENT=6 DEFAULT CHARSET=utf8mb4;

-- ----------------------------
-- Records of news
-- ----------------------------
INSERT INTO `news` VALUES ('2', '1', '蒂佳婷为湖北捐赠5万只口罩', '日前，全球知名化妆品品牌蒂佳婷为支持中国湖北抗击新型冠状病毒捐助5万只口罩。', '/uploads/4a984a94-ae5b-4776-a4ba-1c5103b936c4_banner2.jpg', '<div class=\"index-module_textWrap_3ygOc \"><p><span class=\"bjh-p\">自春节以来，湖北武汉新型冠状病毒感染病数便呈上升趋势，全国各地陆续开启一级戒备状态。疫情紧急也时刻牵动全球各地朋友的心。面对当前日益严峻的中国疫情，世界各地政府、企业纷纷伸出援助之手。而此时，口罩需求量加大，部分抗击疫情前线的医院都出现了短缺情况，甚至出现了一“罩”难求的局面。</span></p></div><div class=\"index-module_mediaWrap_213jB \"><div class=\"index-module_contentImg_JmmC0\"><img src=\"https://pics5.baidu.com/feed/96dda144ad345982cc3bd535b76f01abcaef8401.jpeg?token=7ab124fb0e2f934ef59a91b7a20bed9d&amp;s=BB346084405605CA480F3C9203001099\" width=\"484\" class=\"index-module_normal_Bq4DA\"></div></div><div class=\"index-module_mediaWrap_213jB \"><div class=\"index-module_contentImg_JmmC0\"><img src=\"https://pics6.baidu.com/feed/1e30e924b899a90120a5a8c8a60e3a7d0008f5da.jpeg?token=7a734a587a5b5d114979a9f8408fd1f6&amp;s=11A9D915385554CA14B5E8270300A063\" width=\"484\" class=\"index-module_normal_Bq4DA\"><span class=\"bjh-image-caption\" style=\"text-align: center;\">共计5万只口罩在蒂佳婷仓库中等待出库</span></div></div><div class=\"index-module_textWrap_3ygOc \"><p><span class=\"bjh-p\">在了解到这个情况后，Dr.Jart+蒂佳婷率先为中国湖北慈善总会捐赠5万只口罩。其实不仅仅是在全中国，周边各国在近期都出现了疫情流入的问题，韩国的口罩市场也发生了供应紧张局面，不少商超和药店也相继限购与断销。口罩成了当前最紧俏，也最稀缺的防疫必备刚需。</span></p></div><div class=\"index-module_mediaWrap_213jB \"><div class=\"index-module_contentImg_JmmC0\"><img src=\"https://pics1.baidu.com/feed/77094b36acaf2edd83fa106a368b31ef3801934f.jpeg?token=91bf9669be6d596904342f15c1a18727&amp;s=5F2206C5785A37CA00BC982B030050D3\" width=\"551\" class=\"index-module_large_1mscr\"><span class=\"bjh-image-caption\" style=\"text-align: center;\">捐赠物资由物流清点数量并运转</span></div></div><div class=\"index-module_mediaWrap_213jB \"><div class=\"index-module_contentImg_JmmC0\"><img src=\"https://pics3.baidu.com/feed/b21c8701a18b87d6e6dcf46fbd93183e1e30fd42.jpeg?token=81104b97258ae58af17e8016d6065460&amp;s=B7A4F5043207535B5634ECC90300D093\" width=\"557\" class=\"index-module_large_1mscr\"><span class=\"bjh-image-caption\" style=\"text-align: center;\">捐赠物资由韵达韩国分公司直接发往湖北</span></div></div><div class=\"index-module_textWrap_3ygOc \"><p><span class=\"bjh-p\">Dr.Jart+蒂佳婷官方表示，希望通过此次援助行动，能切实为奋战在一线的工作者与病患尽到品牌的一份绵薄之力，在接下来的时间蒂佳婷也将持续关注武汉疫情，与中国人民共度难关！</span></p></div>', '2020-06-11 15:15:38', '0');
INSERT INTO `news` VALUES ('3', '4', '善义交融 甘苦与共—中华慈善总会', '6月10日，“苦尽肝来”终末期肝病患儿医疗救助项目座谈会于中华慈善总会会议室举行。\r\n\r\n全国人大社会建设委员会副主任委员、中华慈善总会会长宫蒲光在致辞中对项目合作方代表，以及中国工程院院士、清华大学临床医学院院长、清华大学附属北京清华长庚医院院长董家鸿等专家和嘉宾及工作人员的到来表示欢迎，对项目所取得的积极成果表示祝贺。', '/uploads/d6c1d3bf-39b6-459b-bf0b-0736699bf972_20200612174828_5637.png', '<p><span>6月10日，“苦尽肝来”终末期肝病患儿医疗救助项目座谈会于中华慈善总会会议室举行。</span></p><p><span>全国人大社会建设委员会副主任委员、中华慈善总会会长宫蒲光在致辞中对项目合作方代表，以及中国工程院院士、清华大学临床医学院院长、清华大学附属北京清华长庚医院院长董家鸿等专家和嘉宾及工作人员的到来表示欢迎，对项目所取得的积极成果表示祝贺。&nbsp;</span></p><p style=\"text-align: center;\"><img src=\"http://file.chinacharityfederation.org/T18/O64/image/20200612/20200612174828_5637.png\" title=\"图片2.png\" alt=\"图片2.png\"></p><p style=\"text-align: center;\"><span>全国人大社会建设委员会副主任委员、中华慈善总会会长宫蒲光</span><span>&nbsp;</span></p><p><span>宫蒲光简要介绍了中华慈善总会自1994年建会以来，在医疗救助方面所开展的项目情况以及所取得的成绩。多年来，中华慈善总会致力于打造以药品援助项目为主体的医疗慈善救助体系，有效缓解决了患者因病致贫、因病返贫等难题，使无数陷入经济与精神双重困境的低收入家庭大病患者得以重拾希望、重获新生、重归生活。2018年，中华慈善总会共发放援助药品价值102亿元。2019年，为争取药品援助项目实现新的突破，中华慈善总会强化了与拜耳公司、辉瑞公司等跨国制药企业的深度合作，同时加强了与国内大型药企的相互合作。如与启东盖天力药业公司启动的“槐耳颗粒患者援助项目”等。但由于一些客观原因，使药品援助的种类和数量有所下降呈下滑趋势，但不过发放援助药品价值仍达到86.92亿元，救助各类大病患者4.4万余人。2019年，为争取药品援助项目实现新的突破，中华慈善总会强化了与拜耳公司、辉瑞公司等跨国制药企业的深度合作，同时加强了与国内大型药企的相互合作。如与启东盖天力药业公司启动的“槐耳颗粒患者援助项目”等。此外，2019年，一些传统医疗救助项目也有了新的发展。如“微笑列车”项目，免费实施唇腭裂手术12238例；“少数民族贫困家庭先心病儿童救助行动”共为先心病患儿实施手术279例；“贫困家庭包虫病患者救助行动”共包虫病患者实施手术107例。今年新冠肺炎疫情暴发后，中华慈善总会率先向社会各界发出募捐《呼吁书》，启动“抗击新冠肺炎，我们在行动”主题募捐活动。期间共接收专项捐款3.49亿余元，物资价值7.58亿元，款物合计11.07亿元。充分体现了中华慈善总会作为特殊历史背景下成长起来的、连续三届获评“全国5AAAAA级社会组织”的行业排头兵作用。</span></p><p><span>宫蒲光希望接下来合作双方就项目的可持续发展进行深入交流探讨，在危机中育新机、于变局中开新局，充分体现医疗界与慈善界的强强联合，进一步聚集资源，整合力量，努力构建大型医疗慈善救助平台，力争将项目做成具有巨大影响力的品牌项目，不断惠及更多贫困患者及家庭，不断增进民生福祉，增强人民群众的获得感与幸福感。</span></p><p style=\"text-align: center;\"><img src=\"http://file.chinacharityfederation.org/T18/O64/image/20200612/20200612174852_2205.png\" title=\"图片3.png\" alt=\"图片3.png\"><br></p><p style=\"text-align: center;\"><span>中国工程院院士、清华大学临床医学院院长、北京清华长庚医院院长董家鸿</span></p><p><span>董家鸿介绍了清华长庚医院的形成与发展历史，目前的运行管理及专家队伍状况。清华长庚医院自2014年11月开业建院以来，始终秉承“医疗服务以患者为中心，医院运营以医师为核心，医院发展以员工为根本”的建院宗旨，在国家深化医改的大背景下，在北京市政府的支持以及台湾长庚等各界的支持下，努力探索出了一条符合自身特色的发展之路。</span></p><p><span>董家鸿还介绍了今年儿童节期间，“苦尽肝来”项目在河南省儿童医院开展专家义诊的情况。此次活动中共向数百人次提供了咨询服务，为当地患儿送上一份特殊的儿童节节日礼物，受到患儿及家长的欢迎。</span><span>&nbsp;</span></p><p><span>据《慈善公益报》记者了解，“苦尽肝来”终末期肝病患儿医疗救助项目是由中华慈善总会携手中国工程院院士董家鸿、陈肇隆、樊嘉、郑树森、王学浩，中国科学院院士陈孝平等联合发起，主要针对0至18岁需要进行肝移植手术的儿童患者开展的医疗救助项目。</span><span>&nbsp;</span></p><p style=\"text-align: center;\"><img src=\"http://file.chinacharityfederation.org/T18/O64/image/20200612/20200612174941_4812.png\" title=\"图片4.png\" alt=\"图片4.png\"></p><p style=\"text-align: center;\"><span>“苦尽肝来”终末期肝病患儿医疗救助项目座谈会与会者合影&nbsp;</span></p><p><span>座谈会上，双方还就“苦尽肝来”项目的具体实施进行了广泛务实的交流探讨，对项目的品牌建设及未来规划交换了意见。</span></p><p><span>中华慈善总会秘书长边志伟、副秘书长兼筹募部主任苏辉、办公厅主任刘芳，“苦尽肝来”项目办公室副主任杨海东、执行主任董萍，北京清华长庚医院器官移植协调办公室主任孙百军等出席座谈会。座谈会由中华慈善总会会长助理陈砚秋主持。&nbsp;</span></p>', '2020-06-13 01:02:03', '0');
INSERT INTO `news` VALUES ('4', '1', '抗洪救灾中彰显为民解困的力量', '《中国社会组织》杂志2020年第15期，刊发以《中国社会福利基金会 抗洪救灾中彰显为民解困的力量》为题的专题文章。文中阐述了在2020年抗击南方洪灾工作中，以中国社会福利基金会为代表的社会组织的积极工作，并回顾了在历年的突发灾害事件中，中国社会福利基金会在联动多方机构和救援组织的快速反应和积极效果。', '/uploads/807e3ee4-8187-45db-bdd4-083b3d59a2e7_5f436775ebd15.png', '<p>随着南方洪灾的爆发，国内各社会组织积极投身抗洪救灾工作，中国社会福利基金会（以下简称福基会）义无反顾站在了社会组织参与救灾工作的前列。灾情出现后，福基会迅速启动紧急响应，依靠救灾救援工作委员会工作机制，协调多家委员单位，发动直属救援组织——蓝豹救援队和受灾地的属地社会组织，在云南、安徽、江西、湖南等地开展救灾救援工作。同时，还在腾讯公益、支付宝公益等多个互联网公开募捐平台上线项目，多方筹措资金，支援灾区救灾、安置转移等工作。&nbsp;</p><p><img src=\"https://www.cswef.org/public/uploads/picture/2020-08-24/5f43675454a3c.png\" title=\"\" alt=\"\"></p><p><br></p><p><span>救灾一线的“一抹蓝”&nbsp;</span></p><p>灾情出现后，云南、安徽、江西各地都第一时间出现了身穿统一蓝色制服的救援人员。他们携带专业救灾设备，满脸汗水、满身泥泞，话不多，手不停，奔波于各个受灾现场。他们有一个共同的名字——蓝豹救援队员。&nbsp;</p><p>6 月底，云南。多日的暴雨造成了山体滑坡和泥石流灾害，云南昭通市镇雄县尖山乡有一位学生被埋在了土里。接到乡政府的求助电话后，云南镇雄蓝豹救援队集合队员，带上救援装备赶赴现场。与此同时，救援队员们兵分两路，来到受灾最严重的村子里，帮助留守老 人和孩子们转移到安全地点。随后又马不停蹄地协助政府勘察灾情隐患，运输临时安置物资。“他们帮着把家里的淤泥清理干净后，连水都没有喝一口，就去帮其他受灾的人家清理淤泥了。”大湾镇受灾户刘大爷说。&nbsp;</p><p>7 月初，安徽。受特大暴雨袭击，安徽歙县启动了自 1996 年以来的首次防洪二级响应，7 月 7 日的高考都无法正常进行。南京蓝豹救援队于 7 月 8 日赶到徽城镇，与当地政府工作人员实地探查情况，收集灾民信息。“洪水过后，留下的淤泥有二三十厘米厚，一脚踩下去，能埋到小腿肚。我们将情况及时汇报给中国社会福利基金会，提出当地最急迫的需求是采购高压枪清除淤泥，进行环境治理和消杀，以杜绝疫病隐患。” 南京蓝豹救援队队长郭伟告诉记者，沟通效率非常高，“基金会特事特办，在汇报当日就将 10 万元救灾资金划拨到位。”高压水枪全部到位后，蓝豹队员们在当地开展了环境消杀和物资发放工作。&nbsp;</p><p>7 月中旬，江西。持续强降雨导致江西省内多条河流超警戒水位，江西防汛应急响应提升至最高级 I 级，多支蓝豹救援队紧急驰援。江西武宁蓝豹救援队携带 6 艘橡皮艇等抗洪物资连夜赶往九江市永修县支援；江西南昌蓝豹救援队在南昌市、永修县、鄱阳县等地抗洪&nbsp;</p><p>抢险，在永修县三角乡湍急的洪水中用冲锋舟转移出了 46 位村民；在鄱阳县油墩街镇，来自江西、福建、贵州的蓝豹救援队员们已驻守多日，每天乘冲锋舟往返于被水围困的村镇，运送村民和救灾物资。南昌蓝豹救援队队长吕胜华说：“我们带着冲锋舟和救援物资，辗&nbsp;</p><p>转鄱阳湖区各地，听从统一调配，哪里需要我们，我们就出现在哪里。”&nbsp;</p><p>蓝色是天空和大海的颜色，代表宽广、博大。这个夏天，出现在救灾一线的蓝豹队员们以及时专业的服务、无私奉献的精神拓展了人们对蓝色的认知维度：蓝色，也象征着专业和希望。&nbsp;</p><p><br></p><p><span>救助民政服务对象&nbsp;</span></p><p>进入主汛期以来，湖南省出现持续强降雨，河流水位迅猛爬升，冷水江市受灾尤为严重。该市所辖 10 个乡镇全面出现灾情，受灾人口 2.4 万人，紧急转移 8500 余人，群众生产生活面临严峻考验。&nbsp;</p><p>7 月 21—23 日，福基会携手湖南乐创公益慈善发展中心和长沙市绿舟防灾减灾促进中心，紧急驰援冷水江市，救助了 280 名民政服务对象。&nbsp;</p><p>福基会理事长戚学森介绍说，湖南省民政厅党组书记、厅长唐白玉强调在救灾工作中要积极发挥社会组织的作用，高度关注“一老一小”等重点民政服务对象。“联合当地社会组织救助民政服务对象，既是对民政部社会组织管理局发布的《关于引导动员社会组织积极参与防汛救灾工作的通知》的积极响应，也是针对湖南当地的民生需求采取的具体举措。”&nbsp;</p><p>受福基会委托，湖南乐创公益慈善发展中心和长沙市绿舟防灾减灾促进中心联合执行救灾计划，在冷水江市当地民政部门的协助下，280 份包含米、油、应急手电筒、毛毯、消毒液等生活必需品的救灾包有序配发至渣渡镇、禾青镇、金竹山镇、三尖镇等多个灾情严重地区“一老一小”等有生活困难的民政服务对象手中。&nbsp;</p><p>渣渡镇利民村受灾严重，是本次救灾行动的第一站。村民张艳（化名）的老公患有精神疾病，无法工作。张艳在当地矿场食堂打工赚取微薄收入，突如其来的洪灾让这个家庭雪上加霜。收到救灾物资后，张艳十分感动：“在政府和爱心人士的带领下，我们一定积极面对生活，我相信会度过难关的。”&nbsp;</p><p>此外，在福基会的支持下，湖南乐创公益慈善发展中心联合长沙市绿舟防灾减灾促进中心于 7 月 10 日在腾讯公益筹款平台发起了“驰援湖南水灾”项目，以加大对湖南灾区民政服务对象的帮扶力度，助力灾区早日恢复正常生活，防止因灾致贫返贫。&nbsp;</p><p>此次洪灾救助行动受到了当地政府的充分肯定。湖南省民政厅党组成员、副厅长张自银专题听取了湖南乐创公益慈善发展中心所作的有关工作汇报，对福基会的救助行动给予了肯定和支持。冷水江市民政局党组书记、局长喻本桂说：“感谢福基会、省市区各级社会组织和爱心人士支持冷水江市抗洪救灾，我们民政部门也会尽最大努力救助受灾群众，帮助他们早日回到生活正轨。”&nbsp;</p><p><br></p><p><span>在实践中锤炼过硬本领&nbsp;</span></p><p>救灾救援工作具有突发性、及时性的特点，对参与者的能力要求非常高。多年来，以救灾救援工作委员会为抓手，福基会联动“蓝豹”“绿舟”“曙光”等多家民间救援组织，持续完善救灾协作平台统筹协调、分工合作的工作机制，加强与地方政府部门的协调，采取“受灾地区需求调研”“救援队伍组织协调”“赈灾募捐及时发布”三位一体的联动机制，有效提升了救灾救援工作的反应速度和执行效果，扩大了社会知名度。&nbsp;</p><p>2008 年，福基会首次参与救灾工作，投入 140 万元参与陕甘地区福利院重建，支持汶川地震救灾。2013 年，福基会成立了救灾救援部，统筹协调基金会本级和专项基金参与救灾救援工作，同年成立了蓝豹救援队。蓝豹救援队由具备山地搜救、水上搜救、医疗救护等有关专业领域的志愿者组成，是国内首个由全国性基金会直接设立、专业志愿者参与的民间救援组织。自成立以来，福基会常态化组织蓝豹队员们在国家地震紧急救援训练基地、中国蓝豹救援队水上救援培训基地等开展专业技能学习，每年模拟不同地域复杂环境进行救援演练，还组织蓝豹队员学习了 Sphere 等国际人道救援标准。与此同时，蓝豹救援队的各类专&nbsp;</p><p>业救援设备也日渐齐全，如液压破拆装备、潜水装备、冲锋舟等，队员们如虎添翼，极大提升了救援效率。&nbsp;</p><p>2016 年，福基会着手推动救援队伍属地化、机构化并成立救灾协作平台。蓝豹救援队开始在各地注册成立，立足属地开展救灾救援、防减灾宣传与培训等多元化服务，以更好地服务属地百姓和提升专业能力。&nbsp;</p><p>今年新冠肺炎疫情爆发后，蓝豹救援队收到多地的工作邀请，希望协助当地开展防疫工作。自 2 月 5 日开始，福基会“蓝豹救援防疫行动”大型疫情响应活动在福建、江西、江苏、云南等区域陆续展开，开展了设点防控、防疫消杀、防疫宣传等工作，有效助力了这些<span>地区的疫情阻击战。</span></p>', '2020-06-06 17:20:30', '0');
INSERT INTO `news` VALUES ('5', '1', '张彦军：传递正能量 做雷锋精神践行者', '编者按：为全方位、多角度宣传报道中国慈善公益事业的最新成果，聆听榜样心声，讴歌时代精神，引领慈善公益潮流，中华慈善新闻网特邀请相关嘉宾对如何打造现代慈善公益理念、提升慈善公益事业在人民群众中的影响力、我国慈善公益事业繁荣发展面临的形势挑战与机遇等话题进行分析解读，畅谈对社会服务创新以及社会大众广泛参与慈善公益事业等方面的思考和认识', '/uploads/363ac983-a733-4dc1-b206-5a24c35219d7_MAIN201612301103000550594992523.jpg', '<p style=\"text-align: justify;\"><span><strong>人物名片：</strong>张彦军，出生于1986年，甘肃金畅集团董事长、今金贷平台创始人。2009年7月毕业于北京国际工商管理学院、金融管理系。现攻读于中欧商学院EMBA。荣获殊荣有“中国优秀诚信企业家”、“甘肃诚信企业家”、“中国品牌企业创新人物”等。</span></p><p style=\"text-align: justify;\">金畅集团自成立以来，就肩负着发展社会生产力、振兴地方经济的历史使命社会责任，金畅人本着“振兴地方经济、回报社会”的经营理念，在取得良好经济效益的同时积极投身社会公益事业，推进两个文明建设。不断开展各类社会公益活动，累计捐款达300多万元。创立“雷锋爱心公益图书馆”，并把模式复制、传递、发展到甘肃省各地市州，尤其是偏远地区，推进甘肃公益事业发展，助力甘肃经济发展。</p><p style=\"text-align: justify;\">在谈到西北受地域局限，攻坚扶贫更成为艰巨的使命与责任时，作为甘肃本土企业家的张彦军说：“在助力甘肃扶贫的同时，吸引更多企业参与到公益事业当中，将爱心输送力量不断壮大，形成一种公益文化，同时影响更多的人。”</p><p style=\"text-align: justify;\"><strong>弘扬雷锋精神 传递社会正能量</strong></p><p style=\"text-align: justify;\">雷锋精神是永恒的，2015年8月，在甘肃省委宣传部、甘肃省精神文明办公室、甘肃省雷锋精神研究会等政府部门的领导及张彦军的极力倡导下，金畅集团成立了甘肃首家以“雷锋”命名的图书馆——甘肃金畅集团“雷锋爱心公益图书馆”。旨在进一步弘扬雷锋精神，传递社会正能量。通过图书馆组织的公益图书捐赠活动，号召更多社会各界人士以实际行动参与到学习雷锋精神的实践中来。</p><p style=\"text-align: center;\"><img alt=\"\" src=\"http://ccn.people.com.cn/NMediaFile/2016/1230/MAIN201612301104000204928846407.jpg\" width=\"556\" height=\"371\"></p><p style=\"text-align: center;\"><span>甘肃金畅集团“雷锋爱心公益图书馆”荣获省委宣传部表彰</span></p><p style=\"text-align: justify;\">由于区域和历史原因，我国教育城乡、区域、学校、群体之间不可避免地存在一些差距，均衡教育成为整个社会的民生工程。张彦军表示，雷锋图书馆活动不仅在兰州本市继续开展，还要将图书捐赠到更偏远贫困的地区，让那里的孩子能有更多的书读，为他们带去精神食粮。</p><p style=\"text-align: justify;\">“在选择书籍方面，我们会根据实际情况进行筛选。”张彦军说，“比如，一些农村村民以种植苹果为生，我们就会着重选择一些苹果种植、销售系列书籍，使农民得到切实的帮助。”</p><p style=\"text-align: justify;\">作为一位公益倡导者，张彦军将公司发展与公益事业相结合，不断在公益事业的形式与内容上进行创新，带领金畅集团长期致力于各种慈善公益事业，逐步形成了具有金畅特色的系列公益事业。正应如此，“雷锋爱心公益图书馆”被评为全国学雷锋活动示范单位，并被中共中央宣传部命名为“全国学雷锋活动示范点”，是甘肃省唯一获得此尊荣的民营企业。</p><p style=\"text-align: justify;\"><strong>雪中送炭 捐助意外烧伤夫妇</strong></p><p style=\"text-align: justify;\">作为军人退伍的张彦军，在他看来做人首先要善良、正义，才能做善良的事情。“从白手起家，到现在公司不断的发展，主要得益于社会各界的支持，当自己有能力做慈善，别人有需求时，我就有义务做这些事情。”</p><p style=\"text-align: justify;\">在2014年，有一次张彦军坐在出租车上，广播上一条求助信息引起了他的注意。</p><p style=\"text-align: justify;\">原来，家住定西市临洮县洮阳镇南关村的姚双林，原本有一个幸福的家庭，一双儿女乖巧懂事。可噩梦就这样悄悄降临，一天，妻子将装有汽油的盆子端到卧室里清洗衣服上的油漆，谁料竟一不小心打翻盆子，而此时姚双林碰巧又在抽烟。引发大火，看到躲闪不及的妻子身陷火海，姚双林冲入施救，结果两人都被烧伤。</p><p style=\"text-align: justify;\">从出租车上下来后，张彦军的心久久不能平静，他第一时间组织召开会议，紧急调集善款10万元，委派员工将钱送到姚双林的手上，姚双林夫妇得到了及时救治。</p><p style=\"text-align: justify;\">“如果我知道了这件事情，却不去管它，可能我自己心里更加不安。”张彦军说，无论从哪里看见的求助信息，他都不会视而不见。多则2000少则500的捐赠，已是他生活中的一件极为平常的小事。</p><p style=\"text-align: justify;\">“换位思考一下，别人遇到的困难，对你来说是小事，然而对当事人来说，则是一件大事。”张彦军说，正是这种亲力亲为的帮助，让他体会到慈善的本质不是物质层面的施予，而是精神方面的关爱与发自内心的善念，也让他的慈善心态，有了境界上的飞跃。</p><p style=\"text-align: justify;\"><strong>关爱留守儿童 关注农村教育</strong></p><p style=\"text-align: justify;\">从公司成立以来，张彦军坚持“为爱筑梦”的公益理念，多次以“雷锋爱心公益图书馆”名义组织活动，先后发起“铭记历史，缅怀先烈”、“谁圆我一轮满月公益活动”、“与留守儿童共度中秋”、“藏区献爱心”等诸多爱心公益活动，为需要的人送去温暖。</p><p style=\"text-align: justify;\">今年9月份，第二届“谁圆我一轮明月”送中秋公益活动走进了白银市靖远县北滩乡，志愿者们为乱腰小学、北滩小学以及乡上尘肺病患者家庭送去了爱心，还给孩子们带去崭新的桌椅、各类学习用品、体育户外用品，还在教室前布置了教学电脑、听力复读机等现代化教学设备，成立了金畅集团雷锋爱心图书角，摆放着孩子们一直渴望的课外书籍。虽然孩子们仍挤在在破旧的平房中学习，但是在贫困的背后我们依然能看到多媒体教学带给农村孩子们的快乐和便捷。同时正逢中秋佳节，金畅集团给老师们、孩子们送上了月饼，希望他们能与家人共度美好中秋佳节。</p><p style=\"text-align: justify;\">在谈及西北地区的贫困现状时，张彦军感概地说：“我是土生土长的甘肃人，从小生活也不富裕，甘肃目前还有许多乡村没有脱贫，生活依然艰苦拮据。但是当我真正走到那些贫困的山村时，无法想象还有一些孩子竟然没有见过月饼，这点真的让我感触挺大的，在自己有能力回报社会时理应为自己的家乡做出些贡献，这也是我的情怀吧。在今后的慈善公益道路上，我更加感觉到自己身上的责任和使命。”</p><p style=\"text-align: justify;\">目前，靖远县东滩小学新教学楼新的正在建设中，预计在2017年秋完工投入使用。届时，金畅集团也将与校方携手，建立金畅集团雷锋爱心公益图书馆北滩小学分馆，旨在扩大书藏种类、丰富孩子们的课外阅读，让孩子们更好的了解外面的世界。</p><p style=\"text-align: center;\"><img alt=\"\" src=\"http://ccn.people.com.cn/NMediaFile/2016/1230/MAIN201612301105000473701214614.jpg\" width=\"550\" height=\"366\"></p><p style=\"text-align: justify;\">“组织这些活动，主要引发社会对农村教育的关注，同时也呼吁更多企业加入公益矩阵，共同关怀身边的弱势群体。”张彦军说，从2010年开始，公司先后向张掖市民乐县三堡镇新庄小学、武威市民勤县北山乡大毛湖小学、甘肃省永登县河桥镇河桥小学、武威市天祝藏族自治县赛什斯镇小学等学校捐款近七十万元。在2015年12月30日，中共甘肃省委党校联合甘肃金畅集团“今金贷”雷锋爱心图书馆以及其它社会爱心组织走进甘肃省甘南州卓尼县扎古录镇柏林小学，带去了大批的图书、衣物以及学习用品，在严寒的冬日里，为当地的小朋友送去了温暖。</p><p style=\"text-align: center;\"><img alt=\"\" src=\"http://ccn.people.com.cn/NMediaFile/2016/1230/MAIN201612301106000048063271459.jpg\" width=\"524\" height=\"393\"></p><p style=\"text-align: justify;\"><strong>为尘肺病患者送去爱与关怀</strong></p><p style=\"text-align: justify;\">今年12月23日，金畅集团雷锋爱心公益图书馆在甘肃兰州举办的“今金关怀，让肺自由呼吸”活动，旨在关注西部贫困县区的农村尘肺病患者。据了解，尘肺病是一种没有医疗终结的职业病，由于长期吸入大量细微粉尘而引起以肺组织纤维化为主的脏器致残性疾病。患病后患者肺组织硬化、石化，导致呼吸极为困难，行动艰难，丧失劳力，大部分人最后被活活憋死。</p><p style=\"text-align: justify;\">目前白银市登记的尘肺农民患者共计49户，患者均为男性，他们由于长期在矿山打工而患上此病，年龄大多在40岁到50岁之间，正是父母已经老去、孩子尚未独立的年纪，他们的生活牵动着每一个人的心。</p><p style=\"text-align: justify;\">本次活动围绕雷锋爱心公益图书馆开展，与大爱清尘公益基金携手为登记在册的每一户尘肺农民患者送去米、面、棉被等生活必需品，长期致力于西部公益，精准帮扶社会贫困及弱势群体。活动的举办也为金畅集团雷锋爱心公益图书馆2016年的公益事业画上了圆满的句号。</p><p style=\"text-align: justify;\">“未来，金畅集团今金贷会继续发挥互联网平台的优势，助推中国公益事业，不忘初心，砥砺前行。”张彦军坚定地说。</p><p style=\"text-align: justify;\">多年来，在取得良好收益的同时，金畅集团始终承担对社会的一份责任和关怀，积极投身于社会公益事业，关注农村教育，关爱弱势群体，传递社会正能量。在今后的公益之路上，张彦军表示在“弘扬雷锋精神，做不变味的雷锋精神践行者”理念的指引下，将继续聚焦西部贫困地区，为特殊群体伸出援助之手，吸引更多人行动起来共同铸造爱心长廊，将社会爱心汇聚到每一个需要的组织、家庭和个人。（毛云 崔静波）</p>', '2020-05-15 16:46:15', '0');

-- ----------------------------
-- Table structure for system
-- ----------------------------
DROP TABLE IF EXISTS `system`;
CREATE TABLE `system` (
  `id` int(11) NOT NULL AUTO_INCREMENT,
  `name` varchar(255) DEFAULT NULL,
  `value` varchar(255) DEFAULT NULL,
  PRIMARY KEY (`id`)
) ENGINE=InnoDB AUTO_INCREMENT=2 DEFAULT CHARSET=utf8mb4;

-- ----------------------------
-- Records of system
-- ----------------------------
INSERT INTO `system` VALUES ('1', 'beian', '鲁ICP备17019151号-4');

-- ----------------------------
-- Table structure for trace
-- ----------------------------
DROP TABLE IF EXISTS `trace`;
CREATE TABLE `trace` (
  `id` int(11) NOT NULL AUTO_INCREMENT,
  `applyment_id` int(11) DEFAULT NULL,
  `title` varchar(255) DEFAULT NULL,
  `content` longtext,
  `time` datetime DEFAULT NULL,
  PRIMARY KEY (`id`),
  KEY `FK_trace_authority_id` (`applyment_id`),
  CONSTRAINT `FK_trace_authority_id` FOREIGN KEY (`applyment_id`) REFERENCES `application` (`id`) ON DELETE CASCADE ON UPDATE CASCADE
) ENGINE=InnoDB AUTO_INCREMENT=6 DEFAULT CHARSET=utf8mb4;

-- ----------------------------
-- Records of trace
-- ----------------------------
INSERT INTO `trace` VALUES ('2', '3', '善款已送达，谢谢各位好心人', '<p>2020年6月1日 善款已经送达到申请者手中。感谢您的帮助！</p><p><img src=\"/charity/uploads/a8818277-fa60-4ade-96e8-1115b50764b5_banner2.jpg\" alt=\"undefined\"><br></p>', '2020-06-11 14:30:13');
INSERT INTO `trace` VALUES ('5', '3', '物资管理队已回归', '<p>物资管理队已回归，感谢您的关注</p>', '2020-06-11 14:50:10');

-- ----------------------------
-- Table structure for user
-- ----------------------------
DROP TABLE IF EXISTS `user`;
CREATE TABLE `user` (
  `id` int(11) NOT NULL AUTO_INCREMENT,
  `username` varchar(16) NOT NULL,
  `password` varchar(255) NOT NULL,
  `name` varchar(40) NOT NULL,
  `role` int(2) NOT NULL,
  `last_login` datetime NOT NULL,
  `create_time` datetime NOT NULL,
  PRIMARY KEY (`id`)
) ENGINE=InnoDB AUTO_INCREMENT=28 DEFAULT CHARSET=utf8mb4 COMMENT='0：超级管理；1：慈善机构；2：捐赠者；3：受赠者';

-- ----------------------------
-- Records of user
-- ----------------------------
INSERT INTO `user` VALUES ('1', 'root', 'password', '管理员', '0', '2020-06-13 09:54:09', '2020-05-10 19:50:58');
INSERT INTO `user` VALUES ('2', 'authority000', 'password', '中国社会福利基金会', '1', '2022-03-31 19:17:18', '2020-05-11 17:46:49');
INSERT INTO `user` VALUES ('4', 'test4', 'test', 'test', '1', '2020-05-11 17:46:50', '2020-05-11 17:46:50');
INSERT INTO `user` VALUES ('5', 'test5', 'test', 'test', '1', '2020-05-11 17:46:50', '2020-05-11 17:46:50');
INSERT INTO `user` VALUES ('8', 'donor001', 'password', '刘军', '2', '2022-03-31 19:22:30', '2020-05-11 17:46:50');
INSERT INTO `user` VALUES ('9', 'test', 'test', 'test', '2', '2020-05-11 17:46:50', '2020-05-11 17:46:50');
INSERT INTO `user` VALUES ('10', 'test', 'test', 'test', '2', '2020-05-11 17:46:50', '2020-05-11 17:46:50');
INSERT INTO `user` VALUES ('11', 'test', 'test', 'test', '2', '2020-05-11 17:46:50', '2020-05-11 17:46:50');
INSERT INTO `user` VALUES ('12', 'donee001', 'password', '王强', '3', '2022-03-31 19:19:26', '2020-05-11 17:46:50');
INSERT INTO `user` VALUES ('13', 'test', 'test', 'test', '3', '2020-05-11 17:46:50', '2020-05-11 17:46:50');
INSERT INTO `user` VALUES ('14', 'test3', 'test', 'test', '3', '2020-05-11 17:46:50', '2020-05-11 17:46:50');
INSERT INTO `user` VALUES ('15', 'test2', 'test', 'test', '3', '2020-05-11 17:46:50', '2020-05-11 17:46:50');
INSERT INTO `user` VALUES ('16', 'test1', 'test', 'test', '3', '2020-05-11 17:46:50', '2020-05-11 17:46:50');
INSERT INTO `user` VALUES ('17', '16111101135', '123456', '初始名', '1', '2020-06-02 23:18:59', '2020-06-02 23:18:59');
INSERT INTO `user` VALUES ('18', '16111101135', '123456', '初始名', '1', '2020-06-02 23:21:03', '2020-06-02 23:21:03');
INSERT INTO `user` VALUES ('19', 'authority001', 'password', '中国慈善基金总会', '1', '2022-03-31 17:21:20', '2020-06-04 17:47:59');
INSERT INTO `user` VALUES ('20', 'authority02', '123456', '中国青少年基金会', '1', '2020-06-09 15:22:40', '2020-06-09 15:22:40');
INSERT INTO `user` VALUES ('21', 'authority003', 'password', '初始名', '1', '2020-06-12 17:41:01', '2020-06-12 17:41:01');
INSERT INTO `user` VALUES ('22', 'root1', 'password', '初始名', '1', '2020-06-12 18:24:32', '2020-06-12 18:24:32');
INSERT INTO `user` VALUES ('25', 'admin', 'admin', 'admin', '2', '2020-06-12 21:56:01', '2020-06-12 21:49:08');
INSERT INTO `user` VALUES ('26', 'root111', 'password', '初始名', '1', '2020-06-13 09:24:56', '2020-06-13 09:24:56');
INSERT INTO `user` VALUES ('27', 'root000', 'password', '测试', '1', '2020-06-13 09:27:44', '2020-06-13 09:27:44');
SET FOREIGN_KEY_CHECKS=1;
